TYPE,ROADSECT_NAME,SECT10,SECT10_NAME,ROADSECT_FROM,ROAD_NO,ROADSECT_TO,ROADSECT_ID,ROADLENGTH,DIRNAME,JAM_SPEED
3,金葵中路,10,大鹏新区,金业大道,7201,坪葵路,720101,728,东-西,20
3,金葵中路,10,大鹏新区,坪葵路,7202,金业大道,720201,725,西-东,20
4,延安路,10,大鹏新区,金葵东路,7211,金业大道,721101,1413,东-西,15
4,延安路,10,大鹏新区,金业大道,7212,金葵东路,721201,1415,西-东,15
3,金岭路,10,大鹏新区,金业大道,7221,坪葵路,722101,922,东-西,20
3,金岭路,10,大鹏新区,坪葵路,7222,金业大道,722201,910,西-东,20
3,金业大道,10,大鹏新区,葵鹏路,7233,金葵中路,723301,1176,南-北,20
3,金业大道,10,大鹏新区,金葵中路,7233,延安路,723302,514,南-北,20
3,金业大道,10,大鹏新区,延安路,7233,金岭路,723303,1007,南-北,20
3,金业大道,10,大鹏新区,金岭路,7234,延安路,723401,993,北-南,20
3,金业大道,10,大鹏新区,延安路,7234,金葵中路,723402,512,北-南,20
3,金业大道,10,大鹏新区,金葵中路,7234,葵鹏路,723403,1188,北-南,20
4,龙岐路,10,大鹏新区,龙岐路,7241,葵南路,724101,1068,东-西,15
4,龙岐路,10,大鹏新区,葵南路,7242,龙岐路,724201,1068,西-东,15
4,水头路,10,大鹏新区,海滨北路,7273,葵南路,727301,1250,南-北,15
4,水头路,10,大鹏新区,葵南路,7274,海滨北路,727401,1250,北-南,15
4,葵南路,10,大鹏新区,龙岐路,7303,滨海二路,730301,990,南-北,15
4,葵南路,10,大鹏新区,滨海二路,7303,公园路,730302,2090,南-北,15
4,葵南路,10,大鹏新区,公园路,7304,滨海二路,730401,2082,北-南,15
4,葵南路,10,大鹏新区,滨海二路,7304,龙岐路,730402,997,北-南,15
4,迎宾路,10,大鹏新区,公园路,7311,中山路,731101,1221,东-西,15
4,迎宾路,10,大鹏新区,中山路,7311,鹏飞路,731102,1124,东-西,15
4,迎宾路,10,大鹏新区,鹏飞路,7312,中山路,731201,1120,西-东,15
4,迎宾路,10,大鹏新区,中山路,7312,公园路,731202,1225,西-东,15
4,中山路,10,大鹏新区,公园路(大鹏),7321,迎宾路,732101,1818,东-西,15
4,中山路,10,大鹏新区,迎宾路,7322,公园路(大鹏),732201,1796,西-东,15
3,红岗路,2,罗湖区,粤宝路,7353,清平高速公路,735301,2598,南-北,20
3,红岗路,2,罗湖区,清平高速公路,7354,粤宝路,735401,2352,北-南,20
3,留仙三路,5,宝安区,南光高速公路,7363,洪浪北二路,736301,383,南-北,20
3,留仙三路,5,宝安区,洪浪北二路,7363,创业二路,736302,477,南-北,20
3,留仙三路,5,宝安区,创业二路,7364,洪浪北二路,736401,476,北-南,20
3,留仙三路,5,宝安区,洪浪北二路,7364,南光高速公路,736402,400,北-南,20
3,惠盐南路,6,龙岗区,北山道,7373,惠盐中路,737301,4273,南-北,20
3,惠盐南路,6,龙岗区,惠盐中路,7374,北山道,737401,4252,北-南,20
3,楼岗大道,7,光明新区,南环大道,7381,田园路,738101,403,东-西,20
3,楼岗大道,5,宝安区,田园路,7381,松岗大道,738102,945,东-西,20
3,楼岗大道,5,宝安区,松岗大道,7381,广深公路,738103,1026,东-西,20
3,楼岗大道,5,宝安区,广深公路,7382,松岗大道,738201,1042,西-东,20
3,楼岗大道,5,宝安区,松岗大道,7382,田园路,738202,949,西-东,20
3,楼岗大道,7,光明新区,田园路,7382,南环大道,738203,391,西-东,20
3,新玉路,7,光明新区,南光高速公路,7391,广深高速公路,739101,4163,东-西,20
3,新玉路,7,光明新区,广深高速公路,7392,南光高速公路,739201,4124,西-东,20
3,洲石玉支线,5,宝安区,洲石公路,7403,石岩湖路,740301,2482,南-北,20
3,洲石玉支线,7,光明新区,石岩湖路,7403,根玉路,740302,2366,南-北,20
3,洲石玉支线,7,光明新区,根玉路,7404,石岩湖路,740401,2369,北-南,20
3,洲石玉支线,5,宝安区,石岩湖路,7404,洲石公路,740402,2488,北-南,20
3,观光路,9,龙华区,高尔夫大道,7411,桂花路,741101,1791,东-西,20
3,观光路,9,龙华区,桂花路,7411,泗黎路,741102,2030,东-西,20
3,观光路,9,龙华区,泗黎路,7411,福前路,741103,1750,东-西,20
3,观光路,9,龙华区,福前路,7411,浪荣路,741104,3783,东-西,20
3,观光路,7,光明新区,浪荣路,7411,光侨大道,741105,4503,东-西,20
3,观光路,7,光明新区,光侨大道,7411,光明大道,741106,2725,东-西,20
3,观光路,7,光明新区,光明大道,7412,光侨大道,741201,2604,西-东,20
3,观光路,7,光明新区,光侨大道,7412,浪荣路,741202,4673,西-东,20
3,观光路,9,龙华区,浪荣路,7412,福前路,741203,3762,西-东,20
3,观光路,9,龙华区,福前路,7412,泗黎路,741204,1784,西-东,20
3,观光路,9,龙华区,泗黎路,7412,桂花路,741205,2243,西-东,20
3,观光路,9,龙华区,桂花路,7412,高尔夫大道,741206,1526,西-东,20
3,龙兴北路,8,坪山区,龙兴南路,7423,坪梓路,742301,2506,南-北,20
3,龙兴北路,8,坪山区,坪梓路,7424,龙兴南路,742401,2506,北-南,20
3,锦龙大道,8,坪山区,八号路,7433,坪山大道,743301,1600,南-北,20
3,锦龙大道,8,坪山区,坪山大道,7433,金碧路(坪山),743302,766,南-北,20
3,锦龙大道,6,龙岗区,金碧路(坪山),7433,宝龙大道,743303,1466,南-北,20
3,锦龙大道,6,龙岗区,宝龙大道,7433,南同大道,743304,557,南-北,20
3,锦龙大道,6,龙岗区,南同大道,7434,宝龙大道,743401,562,北-南,20
3,锦龙大道,6,龙岗区,宝龙大道,7434,金碧路(坪山),743402,1450,北-南,20
3,锦龙大道,8,坪山区,金碧路(坪山),7434,坪山大道,743403,781,北-南,20
3,锦龙大道,8,坪山区,坪山大道,7434,八号路,743404,1601,北-南,20
3,平龙路,6,龙岗区,平龙西路,7451,凤凰大道,745101,1493,东-西,20
3,平龙路,6,龙岗区,凤凰大道,7451,益民路,745102,1205,东-西,20
3,平龙路,6,龙岗区,益民路,7451,平新路,745103,533,东-西,20
3,平龙路,6,龙岗区,平新路,7451,工业大道,745104,925,东-西,20
3,平龙路,6,龙岗区,工业大道,7451,中环大道,745105,468,东-西,20
3,平龙路,6,龙岗区,中环大道,7451,嘉湖路,745106,722,东-西,20
3,平龙路,6,龙岗区,嘉湖路,7451,环观南路,745107,962,东-西,20
3,平龙路,6,龙岗区,环观南路,7452,嘉湖路,745201,958,西-东,20
3,平龙路,6,龙岗区,嘉湖路,7452,中环大道,745202,732,西-东,20
3,平龙路,6,龙岗区,中环大道,7452,工业大道,745203,472,西-东,20
3,平龙路,6,龙岗区,工业大道,7452,平新路,745204,920,西-东,20
3,平龙路,6,龙岗区,平新路,7452,益民路,745205,543,西-东,20
3,平龙路,6,龙岗区,益民路,7452,凤凰大道,745206,1194,西-东,20
3,平龙路,6,龙岗区,凤凰大道,7452,平龙西路,745207,1495,西-东,20
3,五和大道,6,龙岗区,梅坂大道,7463,雅园路,746301,1844,南-北,20
3,五和大道,6,龙岗区,雅园路,7463,永香西路,746302,635,南-北,20
3,五和大道,6,龙岗区,永香西路,7463,布龙路,746303,558,南-北,20
3,五和大道,6,龙岗区,布龙路,7463,吉华路,746304,665,南-北,20
3,五和大道,6,龙岗区,吉华路,7463,贝尔路,746305,946,南-北,20
3,五和大道,6,龙岗区,贝尔路,7463,稼先路,746306,1077,南-北,20
3,五和大道,6,龙岗区,稼先路,7463,雪岗北路,746307,1499,南-北,20
3,五和大道,9,龙岗区,雪岗北路,7463,坂李大道,746308,464,南-北,20
3,五和大道,6,龙岗区,坂李大道,7463,清新路,746309,951,南-北,20
3,五和大道,9,龙华区,清新路,7463,环观南路,746310,2334,南-北,20
3,五和大道,9,龙华区,环观南路,7464,清新路,746401,2316,北-南,20
3,五和大道,6,龙岗区,清新路,7464,坂李大道,746402,979,北-南,20
3,五和大道,9,龙华区,坂李大道,7464,雪岗北路,746403,464,北-南,20
3,五和大道,6,龙岗区,雪岗北路,7464,稼先路,746404,1502,北-南,20
3,五和大道,6,龙岗区,稼先路,7464,贝尔路,746405,1080,北-南,20
3,五和大道,6,龙岗区,贝尔路,7464,吉华路,746406,938,北-南,20
3,五和大道,6,龙岗区,吉华路,7464,布龙路,746407,738,北-南,20
3,五和大道,6,龙岗区,布龙路,7464,永香西路,746408,480,北-南,20
3,五和大道,6,龙岗区,永香西路,7464,雅园路,746409,642,北-南,20
3,五和大道,6,龙岗区,雅园路,7464,梅坂大道,746410,1822,北-南,20
3,坪葵路,10,大鹏新区,盐坝高速,7473,金葵中路,747301,594,南-北,20
3,坪葵路,10,大鹏新区,金葵中路,7473,金岭路,747302,1408,南-北,20
3,坪葵路,10,大鹏新区,金岭路,7473,坪头岭登山路,747303,3011,南-北,20
3,坪葵路,8,坪山区,坪头岭登山路,7473,罗葵路,747304,2216,南-北,20
3,坪葵路,8,坪山区,罗葵路,7473,比亚迪路,747305,1373,南-北,20
3,坪葵路,8,坪山区,比亚迪路,7473,东纵路,747306,534,南-北,20
3,坪葵路,8,坪山区,东纵路,7474,比亚迪路,747401,517,北-南,20
3,坪葵路,8,坪山区,比亚迪路,7474,罗葵路,747402,1428,北-南,20
3,坪葵路,8,坪山区,罗葵路,7474,坪头岭登山路,747403,2567,北-南,20
3,坪葵路,10,大鹏新区,坪头岭登山路,7474,金岭路,747404,2612,北-南,20
3,坪葵路,10,大鹏新区,金岭路,7474,金葵中路,747405,1418,北-南,20
3,坪葵路,10,大鹏新区,金葵中路,7474,盐坝高速,747406,600,北-南,20
3,沙江路,5,宝安区,松岗大道,7481,松罗路,748101,857,东-西,20
3,沙江路,5,宝安区,松罗路,7481,广深公路,748102,1319,东-西,20
3,沙江路,5,宝安区,广深公路,7481,宝安大道,748103,1334,东-西,20
3,沙江路,5,宝安区,宝安大道,7481,广深高速公路,748104,1127,东-西,20
3,沙江路,5,宝安区,广深高速公路,7482,宝安大道,748201,1136,西-东,20
3,沙江路,5,宝安区,宝安大道,7482,广深公路,748202,1469,西-东,20
3,沙江路,5,宝安区,广深公路,7482,松罗路,748203,1161,西-东,20
3,沙江路,5,宝安区,松罗路,7482,松岗大道,748204,849,西-东,20
3,大和路,9,龙华区,雪岗北路,7493,清华东路,749301,676,南-北,20
3,大和路,9,龙华区,清华东路,7493,清平路,749302,628,南-北,20
3,大和路,9,龙华区,清平路,7493,机荷高速公路,749303,410,南-北,20
3,大和路,9,龙华区,机荷高速公路,7493,环观南路,749304,999,南-北,20
3,大和路,9,龙华区,环观南路,7493,人民路(观澜),749305,1312,南-北,20
3,大和路,9,龙华区,人民路(观澜),7493,环观中路,749306,901,南-北,20
3,大和路,9,龙华区,环观中路,7493,观澜大道,749307,394,南-北,20
3,大和路,9,龙华区,观澜大道,7494,环观中路,749401,373,北-南,20
3,大和路,9,龙华区,环观中路,7494,人民路(观澜),749402,904,北-南,20
3,大和路,9,龙华区,人民路(观澜),7494,环观南路,749403,1306,北-南,20
3,大和路,9,龙华区,环观南路,7494,机荷高速公路,749404,1010,北-南,20
3,大和路,9,龙华区,机荷高速公路,7494,清平路,749405,433,北-南,20
3,大和路,9,龙华区,清平路,7494,清华东路,749406,605,北-南,20
3,大和路,9,龙华区,清华东路,7494,雪岗北路,749407,685,北-南,20
4,东湖路(罗湖),2,罗湖区,丹平快速路,7501,太白路,750101,384,东-西,15
4,东湖路(罗湖),2,罗湖区,太白路,7501,金稻田路,750102,1032,东-西,15
3,公明北环大道,7,光明新区,华发北路,7531,长春北路,753102,770,东-西,20
3,公明北环大道,7,光明新区,长春北路,7531,下村路,753103,1062,东-西,20
3,公明北环大道,7,光明新区,下村路,7531,南光高速公路,753104,1345,东-西,20
3,公明北环大道,7,光明新区,南光高速公路,7531,西环大道,753105,992,东-西,20
3,公明北环大道,7,光明新区,西环大道,7532,南光高速公路,753201,1082,西-东,20
3,公明北环大道,7,光明新区,南光高速公路,7532,下村路,753202,1208,西-东,20
3,公明北环大道,7,光明新区,下村路,7532,长春北路,753203,1098,西-东,20
3,公明北环大道,7,光明新区,长春北路,7532,华发北路,753204,1564,西-东,20
3,公明北环大道,7,光明新区,华发北路,7532,民生大道,753205,540,西-东,20
4,红荔路,1,福田区,红岭中路,7541,上步中路,754101,859,东-西,15
4,红荔路,1,福田区,上步中路,7541,华强北路,754102,969,东-西,15
4,红荔路,1,福田区,华强北路,7541,华富路,754103,559,东-西,15
3,红荔路,1,福田区,华富路,7541,皇岗路,754104,860,东-西,20
3,红荔路,1,福田区,皇岗路,7541,彩田路,754105,533,东-西,20
3,红荔路,1,福田区,彩田路,7541,金田路(福田),754106,490,东-西,20
3,红荔路,1,福田区,金田路(福田),7541,益田路,754107,701,东-西,20
3,红荔路,1,福田区,益田路,7541,新洲路,754108,716,东-西,20
3,红荔路,1,福田区,新洲路,7542,益田路,754201,715,西-东,20
3,红荔路,1,福田区,益田路,7542,金田路(福田),754202,713,西-东,20
3,红荔路,1,福田区,金田路(福田),7542,彩田路,754203,495,西-东,20
3,红荔路,1,福田区,彩田路,7542,皇岗路,754204,517,西-东,20
3,红荔路,1,福田区,皇岗路,7542,华富路,754205,855,西-东,20
4,红荔路,1,福田区,华富路,7542,华强北路,754206,557,西-东,15
4,红荔路,1,福田区,华强北路,7542,上步中路,754207,977,西-东,15
4,红荔路,1,福田区,上步中路,7542,红岭中路,754208,859,西-东,15
3,红棉路,6,龙岗区,立信路,7553,布澜路,755301,782,南-北,20
3,红棉路,6,龙岗区,布澜路,7554,立信路,755401,768,北-南,20
4,华美路,5,宝安区,田园路,7561,松岗大道,756101,892,东-西,15
4,华美路,5,宝安区,松岗大道,7562,田园路,756201,893,西-东,15
4,立新路,5,宝安区,政丰北路,7583,大洋路,758301,1241,南-北,15
4,立新路,5,宝安区,大洋路,7584,政丰北路,758401,1246,北-南,15
4,荔园路(福永),5,宝安区,桥塘路,7591,永福路,759101,739,东-西,15
4,荔园路(福永),5,宝安区,永福路,7591,松福大道,759102,1020,东-西,15
4,荔园路(福永),5,宝安区,松福大道,7591,沿江高速,759103,787,东-西,15
4,荔园路(福永),5,宝安区,沿江高速,7592,松福大道,759201,774,西-东,15
4,荔园路(福永),5,宝安区,松福大道,7592,永福路,759202,1023,西-东,15
4,荔园路(福永),5,宝安区,永福路,7592,桥塘路,759203,752,西-东,15
4,梅园路,2,罗湖区,洪湖西路,7601,宝岗路,760101,531,东-西,15
4,梅园路,2,罗湖区,宝岗路,7601,红岭北路,760102,894,东-西,15
4,梅园路,2,罗湖区,红岭北路,7602,宝岗路,760201,890,西-东,15
4,梅园路,2,罗湖区,宝岗路,7602,洪湖西路,760202,536,西-东,15
3,民治大道,9,龙华区,梅坂大道,7613,民乐路,761301,513,南-北,20
3,民治大道,9,龙华区,民乐路,7613,民丰路,761302,686,南-北,20
3,民治大道,9,龙华区,民丰路,7613,民旺路,761303,1281,南-北,20
3,民治大道,9,龙华区,民旺路,7613,布龙路,761304,937,南-北,20
4,民治大道,9,龙华区,布龙路,7613,工业路,761305,1019,南-北,15
4,民治大道,9,龙华区,工业路,7614,布龙路,761401,1020,北-南,15
3,民治大道,9,龙华区,布龙路,7614,民旺路,761402,1042,北-南,20
3,民治大道,9,龙华区,民旺路,7614,民丰路,761403,1283,北-南,20
3,民治大道,9,龙华区,民丰路,7614,民乐路,761404,681,北-南,20
3,民治大道,9,龙华区,民乐路,7614,梅坂大道,761405,539,北-南,20
3,南山大道,3,南山区,东滨路,7623,创业路(南山),762301,917,南-北,20
3,南山大道,3,南山区,创业路(南山),7623,滨海大道,762302,676,南-北,20
3,南山大道,3,南山区,滨海大道,7623,桃园路,762303,933,南-北,20
3,南山大道,3,南山区,桃园路,7623,深南大道,762304,880,南-北,20
3,南山大道,3,南山区,深南大道,7623,玉泉路,762305,670,南-北,20
3,南山大道,3,南山区,玉泉路,7623,中山园路,762306,1385,南-北,20
3,南山大道,3,南山区,中山园路,7624,玉泉路,762401,1395,北-南,20
3,南山大道,3,南山区,玉泉路,7624,深南大道,762402,676,北-南,20
3,南山大道,3,南山区,深南大道,7624,桃园路,762403,858,北-南,20
3,南山大道,3,南山区,桃园路,7624,滨海大道,762404,937,北-南,20
3,南山大道,3,南山区,滨海大道,7624,创业路(南山),762405,666,北-南,20
3,南山大道,3,南山区,创业路(南山),7624,东滨路,762406,926,北-南,20
2,泥岗西路,2,罗湖区,泥岗东路,7631,八卦路,763101,259,东-西,30
2,泥岗西路,2,罗湖区,八卦路,7631,北环大道,763102,736,东-西,30
3,泥岗西路,1,福田区,北环大道,7631,华富路,763103,1339,东-西,20
3,泥岗西路,1,福田区,华富路,7632,北环大道,763201,1409,西-东,20
2,泥岗西路,2,福田区,北环大道,7632,八卦路,763202,613,西-东,30
2,泥岗西路,2,罗湖区,八卦路,7632,泥岗东路,763203,786,西-东,30
4,前海路,3,南山区,兴海大道,7643,沿江高速,764301,2249,南-北,15
4,前海路,3,南山区,沿江高速,7643,东滨路,764302,1153,南-北,15
3,前海路,3,南山区,东滨路,7643,创业路(南山),764303,815,南-北,20
3,前海路,3,南山区,创业路(南山),7643,桂庙路,764304,420,南-北,20
3,前海路,3,南山区,桂庙路,7643,学府路,764305,596,南-北,20
3,前海路,3,南山区,学府路,7643,桃园路,764306,446,南-北,20
3,前海路,3,南山区,桃园路,7643,南头街,764307,484,南-北,20
3,前海路,3,南山区,南头街,7643,宝安大道,764308,869,南-北,20
3,前海路,3,南山区,宝安大道,7644,南头街,764401,762,北-南,20
3,前海路,3,南山区,南头街,7644,桃园路,764402,487,北-南,20
3,前海路,3,南山区,桃园路,7644,学府路,764403,446,北-南,20
3,前海路,3,南山区,学府路,7644,桂庙路,764404,613,北-南,20
4,东湖路(罗湖),2,罗湖区,金稻田路,7502,太白路,750201,1032,西-东,15
4,东湖路(罗湖),2,罗湖区,太白路,7502,丹平快速路,750202,404,西-东,15
4,福民路(福田),1,福田区,福强路,7511,金田路(福田),751101,367,东-西,15
4,福民路(福田),1,福田区,金田路(福田),7511,益田路,751102,832,东-西,15
4,福民路(福田),1,福田区,益田路,7511,新洲路,751103,738,东-西,15
4,福民路(福田),1,福田区,新洲路,7512,益田路,751201,742,西-东,15
4,福民路(福田),1,福田区,益田路,7512,金田路(福田),751202,833,西-东,15
4,福民路(福田),1,福田区,金田路(福田),7512,福强路,751203,365,西-东,15
4,福前路,9,龙华区,悦兴路,7523,观光路,752301,2543,南-北,15
4,福前路,9,龙华区,观光路,7523,桂月路,752302,1994,南-北,15
4,福前路,9,龙华区,桂月路,7524,观光路,752401,1994,北-南,15
4,福前路,9,龙华区,观光路,7524,悦兴路,752402,2542,北-南,15
3,公明北环大道,7,光明新区,民生大道,7531,华发北路,753101,1361,东-西,20
3,前海路,3,南山区,桂庙路,7644,创业路(南山),764405,404,北-南,20
3,前海路,3,南山区,创业路(南山),7644,东滨路,764406,804,北-南,20
4,前海路,3,南山区,东滨路,7644,沿江高速,764407,1155,北-南,15
4,前海路,3,南山区,沿江高速,7644,兴海大道,764408,2243,北-南,15
3,清林路,6,龙岗区,德政路,7651,吉祥路,765101,450,东-西,20
3,清林路,6,龙岗区,吉祥路,7651,爱心路,765102,949,东-西,20
3,清林路,6,龙岗区,爱心路,7651,黄阁路,765103,1129,东-西,20
3,清林路,6,龙岗区,黄阁路,7651,盐龙大道,765104,931,东-西,20
3,清林路,6,龙岗区,盐龙大道,7652,黄阁路,765201,685,西-东,20
3,清林路,6,龙岗区,黄阁路,7652,爱心路,765202,1127,西-东,20
3,清林路,6,龙岗区,爱心路,7652,吉祥路,765203,952,西-东,20
3,清林路,6,龙岗区,吉祥路,7652,德政路,765204,458,西-东,20
3,新东路,10,大鹏新区,高山角,7661,沙湾,766101,5098,东-西,20
3,新东路,10,大鹏新区,沙湾,7661,东大路,766102,3184,东-西,20
3,新东路,10,大鹏新区,东大路,7661,东大路,766103,2188,东-西,20
3,新东路,10,大鹏新区,东大路,7661,碧东路,766104,619,东-西,20
3,新东路,10,大鹏新区,碧东路,7661,新大路,766105,1181,东-西,20
3,新东路,10,大鹏新区,新大路,7662,碧东路,766201,1176,西-东,20
3,新东路,10,大鹏新区,碧东路,7662,东大路,766202,629,西-东,20
3,新东路,10,大鹏新区,东大路,7662,东大路,766203,2188,西-东,20
3,新东路,10,大鹏新区,东大路,7662,沙湾,766204,3184,西-东,20
3,新东路,10,大鹏新区,沙湾,7662,高山角,766205,5098,西-东,20
4,新园路,2,罗湖区,晒布路,7674,解放路,767401,740,北-南,15
4,兴业路,5,宝安区,海秀路,7683,罗田路,768301,817,南-北,15
4,兴业路,5,宝安区,罗田路,7683,新安六路,768302,723,南-北,15
4,兴业路,5,宝安区,新安六路,7683,海城路,768303,679,南-北,15
4,兴业路,5,宝安区,海城路,7683,西乡大道,768304,913,南-北,15
4,兴业路,5,宝安区,西乡大道,7683,银田路,768305,1430,南-北,15
4,兴业路,5,宝安区,银田路,7684,西乡大道,768401,1429,北-南,15
4,兴业路,5,宝安区,西乡大道,7684,海城路,768402,914,北-南,15
4,兴业路,5,宝安区,海城路,7684,新安六路,768403,720,北-南,15
4,兴业路,5,宝安区,新安六路,7684,罗田路,768404,680,北-南,15
4,兴业路,5,宝安区,罗田路,7684,海秀路,768405,808,北-南,15
3,盐龙大道,6,龙岗区,龙岗大道,7691,教育北路,769101,3555,东-西,20
3,盐龙大道,6,龙岗区,教育北路,7691,农轩路,769102,4183,东-西,20
3,盐龙大道,6,龙岗区,农轩路,7691,新生路,769103,2112,东-西,20
3,盐龙大道,6,龙岗区,新生路,7691,龙西中路,769104,600,东-西,20
3,盐龙大道,6,龙岗区,龙西中路,7691,长兴北路,769105,876,东-西,20
3,盐龙大道,6,龙岗区,长兴北路,7691,友谊路,769106,807,东-西,20
3,盐龙大道,6,龙岗区,友谊路,7691,回龙路,769107,844,东-西,20
3,盐龙大道,6,龙岗区,回龙路,7691,愉龙路,769108,765,东-西,20
3,盐龙大道,6,龙岗区,愉龙路,7691,黄阁路,769109,1153,东-西,20
3,盐龙大道,6,龙岗区,黄阁路,7691,龙平西路,769110,562,东-西,20
2,盐龙大道,6,龙岗区,龙平西路,7691,清林路,769111,589,东-西,30
2,盐龙大道,6,龙岗区,清林路,7691,如意路(龙岗),769112,1882,东-西,30
2,盐龙大道,6,龙岗区,如意路(龙岗),7691,龙翔大道,769113,2829,东-西,30
2,盐龙大道,6,龙岗区,龙翔大道,7692,如意路(龙岗),769201,2684,西-东,30
2,盐龙大道,6,龙岗区,如意路(龙岗),7692,清林路,769202,1391,西-东,30
2,盐龙大道,6,龙岗区,清林路,7692,龙平西路,769203,804,西-东,30
3,盐龙大道,6,龙岗区,龙平西路,7692,黄阁路,769204,554,西-东,20
3,盐龙大道,6,龙岗区,黄阁路,7692,愉龙路,769205,1139,西-东,20
3,盐龙大道,6,龙岗区,愉龙路,7692,回龙路,769206,780,西-东,20
3,盐龙大道,6,龙岗区,回龙路,7692,友谊路,769207,807,西-东,20
3,盐龙大道,6,龙岗区,友谊路,7692,长兴北路,769208,816,西-东,20
3,盐龙大道,6,龙岗区,长兴北路,7692,龙西中路,769209,446,西-东,20
3,盐龙大道,6,龙岗区,龙西中路,7692,新生路,769210,1331,西-东,20
3,盐龙大道,6,龙岗区,新生路,7692,农轩路,769211,1848,西-东,20
3,盐龙大道,6,龙岗区,农轩路,7692,教育北路,769212,4161,西-东,20
3,盐龙大道,6,龙岗区,教育北路,7692,龙岗大道,769213,3547,西-东,20
4,永和路,5,宝安区,福洲大道（福永）,7703,豪业路,770301,493,南-北,15
4,永和路,5,宝安区,豪业路,7703,重庆路,770302,415,南-北,15
4,永和路,5,宝安区,重庆路,7703,桥和路,770303,576,南-北,15
4,永和路,5,宝安区,桥和路,7703,和秀西路,770304,479,南-北,15
4,永和路,5,宝安区,和秀西路,7703,荔园路(福永),770305,473,南-北,15
4,永和路,5,宝安区,荔园路(福永),7703,凤塘大道,770306,517,南-北,15
4,永和路,5,宝安区,凤塘大道,7703,兴业西路,770307,605,南-北,15
4,永和路,5,宝安区,兴业西路,7704,凤塘大道,770401,615,北-南,15
4,永和路,5,宝安区,凤塘大道,7704,荔园路(福永),770402,515,北-南,15
4,永和路,5,宝安区,荔园路(福永),7704,和秀西路,770403,474,北-南,15
4,永和路,5,宝安区,和秀西路,7704,桥和路,770404,478,北-南,15
4,永和路,5,宝安区,桥和路,7704,重庆路,770405,579,北-南,15
4,永和路,5,宝安区,重庆路,7704,豪业路,770406,412,北-南,15
4,永和路,5,宝安区,豪业路,7704,福洲大道（福永）,770407,484,北-南,15
4,永香西路,6,龙岗区,民康路,7713,五和大道,771301,886,南-北,15
4,永香西路,6,龙岗区,五和大道,7714,民康路,771401,888,北-南,15
4,政丰北路,5,宝安区,政丰南路,7731,福海大道,773101,696,东-西,15
3,政丰北路,5,宝安区,福海大道,7731,立新路,773102,652,东-西,20
3,政丰北路,5,宝安区,立新路,7732,福海大道,773201,646,西-东,20
4,政丰北路,5,宝安区,福海大道,7732,政丰南路,773202,694,西-东,15
4,中心大道,10,大鹏新区,滨海二路,7743,鹏飞路,774301,2360,南-北,15
4,中心大道,10,大鹏新区,鹏飞路,7744,滨海二路,774401,2360,北-南,15
4,金葵东路,10,大鹏新区,延安路,7751,银葵路,775101,684,东-西,15
3,金葵东路,10,大鹏新区,银葵路,7751,金业大道,775102,1100,东-西,20
3,金葵东路,10,大鹏新区,金业大道,7752,银葵路,775201,1202,西-东,20
4,金葵东路,10,大鹏新区,银葵路,7752,延安路,775202,686,西-东,15
3,创业二路,5,宝安区,宝石路,7761,留仙一路,776101,1035,东-西,20
3,创业二路,5,宝安区,留仙一路,7761,新安三路,776102,701,东-西,20
3,创业二路,5,宝安区,新安三路,7761,前进一路,776103,919,东-西,20
3,创业二路,5,宝安区,前进一路,7761,广深公路,776104,870,东-西,20
3,创业二路,5,宝安区,广深公路,7762,前进一路,776201,878,西-东,20
3,创业二路,5,宝安区,前进一路,7762,新安三路,776202,904,西-东,20
3,创业二路,5,宝安区,新安三路,7762,留仙一路,776203,702,西-东,20
3,创业二路,5,宝安区,留仙一路,7762,宝石路,776204,1033,西-东,20
4,创业路(公明),7,光明新区,风景路,7791,创维路,779101,813,东-西,15
4,创业路(公明),7,光明新区,创维路,7791,人民路(公明),779102,517,东-西,15
4,创业路(公明),7,光明新区,人民路(公明),7792,创维路,779201,516,西-东,15
4,创业路(公明),7,光明新区,创维路,7792,风景路,779202,808,西-东,15
3,创业一路,5,宝安区,广深公路,7811,宝安大道,781101,894,东-西,20
3,创业一路,5,宝安区,宝安大道,7811,新湖路,781102,644,东-西,20
3,创业一路,5,宝安区,新湖路,7811,裕安一路,781103,797,东-西,20
3,创业一路,5,宝安区,裕安一路,7812,新湖路,781201,830,西-东,20
3,创业一路,5,宝安区,新湖路,7812,宝安大道,781202,632,西-东,20
3,创业一路,5,宝安区,宝安大道,7812,广深公路,781203,887,西-东,20
4,翠竹路(龙岗),6,龙岗区,银威路,7823,龙岗大道,782301,571,南-北,15
4,翠竹路(龙岗),6,龙岗区,龙岗大道,7824,银威路,782401,572,北-南,15
4,翠竹路(罗湖),2,罗湖区,东门北路,7833,太宁路,783301,1224,南-北,15
4,翠竹路(罗湖),2,罗湖区,太宁路,7833,布心路,783302,1052,南-北,15
4,翠竹路(罗湖),2,罗湖区,布心路,7834,太宁路,783401,1063,北-南,15
4,翠竹路(罗湖),2,罗湖区,太宁路,7834,东门北路,783402,1214,北-南,15
4,福中路(福田),1,福田区,皇岗路,7841,彩田路,784101,532,东-西,15
4,福中路(福田),1,福田区,彩田路,7841,金田路(福田),784102,512,东-西,15
4,福中路(福田),1,福田区,金田路(福田),7841,益田路,784103,701,东-西,15
4,福中路(福田),1,福田区,益田路,7841,新洲路,784104,695,东-西,15
4,福中路(福田),1,福田区,新洲路,7842,益田路,784201,707,西-东,15
4,福中路(福田),1,福田区,益田路,7842,金田路(福田),784202,701,西-东,15
4,福中路(福田),1,福田区,金田路(福田),7842,彩田路,784203,500,西-东,15
4,福中路(福田),1,福田区,彩田路,7842,皇岗路,784204,532,西-东,15
4,福中路(宝安),5,宝安区,广深公路,7851,怀德南路,785101,903,东-西,15
4,福中路(宝安),5,宝安区,怀德南路,7852,广深公路,785201,896,西-东,15
4,公园路(新安),5,宝安区,新安二路,7863,创业二路,786301,799,南-北,15
4,公园路(新安),5,宝安区,创业二路,7863,裕安二路,786302,510,南-北,15
4,公园路(新安),5,宝安区,裕安二路,7863,上川路,786303,560,南-北,15
4,公园路(新安),5,宝安区,上川路,7863,新安四路,786304,393,南-北,15
4,公园路(新安),5,宝安区,新安四路,7863,流塘路,786305,589,南-北,15
4,公园路(新安),5,宝安区,流塘路,7863,西乡大道,786306,336,南-北,15
4,公园路(新安),5,宝安区,西乡大道,7863,曦城大道,786307,714,南-北,15
4,公园路(新安),5,宝安区,曦城大道,7864,西乡大道,786401,725,北-南,15
4,公园路(新安),5,宝安区,西乡大道,7864,流塘路,786402,340,北-南,15
4,公园路(新安),5,宝安区,流塘路,7864,新安四路,786403,587,北-南,15
4,公园路(新安),5,宝安区,新安四路,7864,上川路,786404,393,北-南,15
4,公园路(新安),5,宝安区,上川路,7864,裕安二路,786405,560,北-南,15
4,公园路(新安),5,宝安区,裕安二路,7864,创业二路,786406,510,北-南,15
4,公园路(新安),5,宝安区,创业二路,7864,新安二路,786407,799,北-南,15
4,公园路(龙华),9,龙华区,工业路,7873,人民路(龙华),787301,519,南-北,15
4,公园路(龙华),9,龙华区,人民路(龙华),7874,工业路,787401,519,北-南,15
4,公园路(大鹏),10,大鹏新区,葵南路,7883,鹏飞路,788301,1254,南-北,15
4,公园路(大鹏),10,大鹏新区,鹏飞路,7884,葵南路,788401,1254,北-南,15
3,横坪公路(横岗),6,龙岗区,金碧路(坪山),7901,沙荷路,790103,3740,东-西,20
3,横坪公路(横岗),6,龙岗区,沙荷路,7901,龙岗大道,790104,2378,东-西,20
3,横坪公路(横岗),6,龙岗区,龙岗大道,7901,水官高速,790105,1065,东-西,20
3,横坪公路(横岗),6,龙岗区,水官高速,7902,龙岗大道,790201,1055,西-东,20
3,横坪公路(横岗),6,龙岗区,龙岗大道,7902,沙荷路,790202,2383,西-东,20
3,横坪公路(横岗),6,龙岗区,沙荷路,7902,金碧路(坪山),790203,3741,西-东,20
4,吉祥路(石岩),5,宝安区,河滨南路,7913,宝石东路,791301,618,南-北,15
4,吉祥路(石岩),5,宝安区,宝石东路,7914,河滨南路,791401,618,北-南,15
3,吉祥路(龙岗),6,龙岗区,龙岗大道,7923,龙翔大道,792301,523,南-北,20
3,吉祥路(龙岗),6,龙岗区,龙翔大道,7923,清林路,792302,887,南-北,20
3,吉祥路(龙岗),6,龙岗区,清林路,7923,龙福路,792303,662,南-北,20
3,吉祥路(龙岗),6,龙岗区,龙福路,7923,龙平西路,792304,402,南-北,20
3,吉祥路(龙岗),6,龙岗区,龙平西路,7923,回龙路,792305,496,南-北,20
3,吉祥路(龙岗),6,龙岗区,回龙路,7924,龙平西路,792401,484,北-南,20
3,吉祥路(龙岗),6,龙岗区,龙平西路,7924,龙福路,792402,406,北-南,20
3,吉祥路(龙岗),6,龙岗区,龙福路,7924,清林路,792403,660,北-南,20
3,吉祥路(龙岗),6,龙岗区,清林路,7924,龙翔大道,792404,894,北-南,20
3,吉祥路(龙岗),6,龙岗区,龙翔大道,7924,龙岗大道,792405,539,北-南,20
4,建设路(龙华),9,龙华区,新区大道,7943,布龙路,794301,538,南-北,15
4,建设路(龙华),9,龙华区,布龙路,7943,工业路,794302,662,南-北,15
4,建设路(龙华),9,龙华区,工业路,7943,人民路(龙华),794303,705,南-北,15
4,建设路(龙华),9,龙华区,人民路(龙华),7943,东环一路,794304,505,南-北,15
4,建设路(龙华),9,龙华区,东环一路,7943,东环二路,794305,706,南-北,15
4,建设路(龙华),9,龙华区,东环二路,7944,东环一路,794401,706,北-南,15
4,建设路(龙华),9,龙华区,东环一路,7944,人民路(龙华),794402,505,北-南,15
4,建设路(龙华),9,龙华区,人民路(龙华),7944,工业路,794403,705,北-南,15
4,建设路(龙华),9,龙华区,工业路,7944,布龙路,794404,662,北-南,15
4,建设路(龙华),9,龙华区,布龙路,7944,新区大道,794405,538,北-南,15
4,建设路(龙岗),6,龙岗区,龙翔大道,7963,龙福路,796301,579,南-北,15
4,建设路(龙岗),6,龙岗区,龙福路,7964,龙翔大道,796401,572,北-南,15
4,建设路(罗湖),2,罗湖区,人民南路(罗湖),7983,嘉宾路,798301,859,南-北,15
4,建设路(罗湖),2,罗湖区,嘉宾路,7983,人民公园路,798302,629,南-北,15
4,建设路(罗湖),2,罗湖区,嘉宾路,7984,人民南路(罗湖),798402,881,北-南,15
3,建设路(坪山),8,坪山区,东胜街,7991,深汕路,799101,580,东-西,20
3,建设路(坪山),8,坪山区,深汕路,7992,东胜街,799201,580,西-东,20
4,金碧路(罗湖),2,罗湖区,泥岗西路,8001,北环大道,800101,1236,东-西,15
4,金碧路(罗湖),2,罗湖区,北环大道,8002,泥岗西路,800201,1551,西-东,15
4,金碧路(坪山),8,坪山区,东纵路,8011,锦龙大道,801101,1517,东-西,15
3,金碧路(坪山),8,坪山区,锦龙大道,8011,汤坑路,801102,2820,东-西,20
3,金碧路(坪山),8,坪山区,汤坑路,8011,横坪公路(横岗),801103,2974,东-西,20
3,金碧路(坪山),8,坪山区,横坪公路(横岗),8012,汤坑路,801201,2974,西-东,20
3,金碧路(坪山),8,坪山区,汤坑路,8012,锦龙大道,801202,2820,西-东,20
4,金碧路(坪山),8,坪山区,锦龙大道,8012,东纵路,801203,1517,西-东,15
4,金沙路(坑梓),8,坪山区,丹梓大道,8023,坪山大道,802301,1104,南-北,15
4,金沙路(坑梓),8,坪山区,坪山大道,8024,丹梓大道,802401,1104,北-南,15
3,金田路(坪山),8,坪山区,二零六县道,8053,创景路,805301,3054,南-北,20
3,金田路(坪山),8,坪山区,创景路,8053,横塘路,805302,1636,南-北,20
3,金田路(坪山),8,坪山区,横塘路,8053,东纵路,805303,872,南-北,20
3,金田路(坪山),8,坪山区,东纵路,8054,横塘路,805401,857,北-南,20
3,金田路(坪山),8,坪山区,横塘路,8054,创景路,805402,1636,北-南,20
3,金田路(坪山),8,坪山区,创景路,8054,二零六县道,805403,2730,北-南,20
3,莲花路(福田),1,福田区,彩田路,8061,宏威路,806101,901,东-西,20
3,莲花路(福田),1,福田区,宏威路,8061,雨田路,806102,480,东-西,20
3,莲花路(福田),1,福田区,雨田路,8061,新洲路,806103,853,东-西,20
3,莲花路(福田),1,福田区,新洲路,8061,景田路,806104,549,东-西,20
3,莲花路(福田),1,福田区,景田路,8061,香梅路,806105,613,东-西,20
3,莲花路(福田),1,福田区,香梅路,8062,景田路,806201,614,西-东,20
3,莲花路(福田),1,福田区,景田路,8062,新洲路,806202,560,西-东,20
3,莲花路(福田),1,福田区,新洲路,8062,雨田路,806203,848,西-东,20
3,莲花路(福田),1,福田区,雨田路,8062,宏威路,806204,465,西-东,20
3,莲花路(福田),1,福田区,宏威路,8062,彩田路,806205,1029,西-东,20
4,莲花路(布吉),6,龙岗区,吉华路,8071,西环路(布吉),807101,1221,东-西,15
4,莲花路(布吉),6,龙岗区,西环路(布吉),8072,吉华路,807201,1218,西-东,15
4,人民北路,2,罗湖区,晒布路,8103,笋岗东路,810301,567,南-北,15
4,人民北路,2,罗湖区,笋岗东路,8104,晒布路,810401,567,北-南,15
4,人民路(观澜),9,龙华区,大和路,8113,观澜大道,811301,628,南-北,15
4,人民路(观澜),9,龙华区,观澜大道,8113,悦兴路,811302,1170,南-北,15
4,人民路(观澜),9,龙华区,悦兴路,8114,观澜大道,811401,1184,北-南,15
4,人民路(观澜),9,龙华区,观澜大道,8114,大和路,811402,623,北-南,15
3,人民路(公明),7,光明新区,创业路(公明),8123,松白路,812301,819,南-北,20
3,人民路(公明),7,光明新区,松白路,8124,创业路(公明),812401,820,北-南,20
3,人民路(龙华),9,龙华区,福龙路,8133,新区大道,813301,470,南-北,20
3,人民路(龙华),9,龙华区,新区大道,8133,布龙路,813302,1417,南-北,20
3,人民路(龙华),9,龙华区,布龙路,8133,龙胜路,813303,503,南-北,20
3,人民路(龙华),9,龙华区,龙胜路,8133,工业路,813304,571,南-北,20
3,人民路(龙华),9,龙华区,工业路,8133,建设路(龙华),813305,737,南-北,20
3,人民路(龙华),9,龙华区,建设路(龙华),8133,和平路(龙华),813306,414,南-北,20
3,人民路(龙华),9,龙华区,和平路(龙华),8133,公园路(龙华),813307,674,南-北,20
3,人民路(龙华),9,龙华区,公园路(龙华),8133,龙观路,813308,510,南-北,20
3,人民路(龙华),9,龙华区,龙观路,8134,公园路(龙华),813401,508,北-南,20
3,人民路(龙华),9,龙华区,公园路(龙华),8134,和平路(龙华),813402,690,北-南,20
3,人民路(龙华),9,龙华区,和平路(龙华),8134,建设路(龙华),813403,400,北-南,20
3,人民路(龙华),9,龙华区,建设路(龙华),8134,工业路,813404,730,北-南,20
3,人民路(龙华),9,龙华区,工业路,8134,龙胜路,813405,570,北-南,20
3,人民路(龙华),9,龙华区,龙胜路,8134,布龙路,813406,460,北-南,20
3,人民路(龙华),9,龙华区,布龙路,8134,新区大道,813407,1453,北-南,20
3,人民路(龙华),9,龙华区,新区大道,8134,福龙路,813408,470,北-南,20
4,人民路(坑梓),8,坪山区,金沙路(坑梓),8141,宝梓中路,814101,1953,东-西,15
4,人民路(坑梓),8,坪山区,宝梓中路,8141,光祖北路,814102,1425,东-西,15
4,人民路(坑梓),8,坪山区,光祖北路,8142,宝梓中路,814201,1414,西-东,15
4,人民路(坑梓),8,坪山区,宝梓中路,8142,金沙路(坑梓),814202,1963,西-东,15
4,人民南路(罗湖),2,罗湖区,和平路(罗湖),8153,船步路,815301,804,南-北,15
4,人民南路(罗湖),2,罗湖区,船步路,8153,深南东路,815302,764,南-北,15
4,人民南路(罗湖),2,罗湖区,深南东路,8154,船步路,815401,914,北-南,15
4,人民南路(罗湖),2,罗湖区,船步路,8154,和平路(罗湖),815402,624,北-南,15
4,如意路(石岩),5,宝安区,罗租路,8183,田心大道,818301,891,南-北,15
4,如意路(石岩),5,宝安区,田心大道,8184,罗租路,818401,891,北-南,15
3,如意路(龙岗),6,龙岗区,宝荷路,8191,龙岗大道,819101,815,东-西,20
3,如意路(龙岗),6,龙岗区,龙岗大道,8191,龙翔大道,819102,814,东-西,20
3,如意路(龙岗),6,龙岗区,龙翔大道,8191,黄阁路,819103,1128,东-西,20
3,如意路(龙岗),6,龙岗区,黄阁路,8191,龙飞大道,819104,811,东-西,20
3,如意路(龙岗),6,龙岗区,龙飞大道,8191,盐龙大道,819105,739,东-西,20
3,如意路(龙岗),6,龙岗区,盐龙大道,8191,东莞,819106,538,东-西,20
3,如意路(龙岗),6,龙岗区,东莞,8192,盐龙大道,819201,588,西-东,20
3,如意路(龙岗),6,龙岗区,盐龙大道,8192,龙飞大道,819202,668,西-东,20
3,如意路(龙岗),6,龙岗区,龙飞大道,8192,黄阁路,819203,811,西-东,20
3,如意路(龙岗),6,龙岗区,黄阁路,8192,龙翔大道,819204,1120,西-东,20
3,如意路(龙岗),6,龙岗区,龙翔大道,8192,龙岗大道,819205,813,西-东,20
3,如意路(龙岗),6,龙岗区,龙岗大道,8192,宝荷路,819206,831,西-东,20
4,同富路(福永),5,宝安区,福洲大道（福永）,8203,豪业路,820301,499,南-北,15
4,同富路(福永),5,宝安区,豪业路,8203,重庆路,820302,415,南-北,15
4,同富路(福永),5,宝安区,重庆路,8203,桥和路,820303,508,南-北,15
4,同富路(福永),5,宝安区,桥和路,8204,重庆路,820401,511,北-南,15
4,同富路(福永),5,宝安区,重庆路,8204,豪业路,820402,424,北-南,15
4,同富路(福永),5,宝安区,豪业路,8204,福洲大道（福永）,820403,493,北-南,15
4,同富路(龙岗),6,龙岗区,爱南路,8211,鸿基路,821101,709,东-西,15
4,同富路(龙岗),6,龙岗区,鸿基路,8211,莱茵路,821102,1141,东-西,15
4,同富路(龙岗),6,龙岗区,莱茵路,8212,鸿基路,821201,1426,西-东,15
4,同富路(龙岗),6,龙岗区,鸿基路,8212,爱南路,821202,710,西-东,15
4,同富路(坪山),8,坪山区,锦龙大道,8221,黄竹坑路,822101,1197,东-西,15
4,同富路(坪山),8,坪山区,黄竹坑路,8222,锦龙大道,822201,1197,西-东,15
3,同富路(南澳),10,大鹏新区,南西路,8231,海滨南路,823101,985,东-西,20
3,同富路(南澳),10,大鹏新区,海滨南路,8232,南西路,823201,964,西-东,20
4,梧桐路(横岗),6,龙岗区,龙岗大道,8243,红棉路,824301,1130,南-北,15
4,梧桐路(横岗),6,龙岗区,红棉路,8244,龙岗大道,824401,1130,北-南,15
3,西环路(布吉),6,龙岗区,红岗路,8263,莲花路,826301,1405,南-北,20
3,西环路(布吉),6,龙岗区,莲花路,8263,龙岭西路,826302,624,南-北,20
3,西环路(布吉),6,龙岗区,龙岭西路,8263,吉华路,826303,1124,南-北,20
3,西环路(布吉),6,龙岗区,吉华路,8264,龙岭西路,826401,1126,北-南,20
3,西环路(布吉),6,龙岗区,龙岭西路,8264,莲花路,826402,683,北-南,20
3,西环路(布吉),6,龙岗区,莲花路,8264,红岗路,826403,1361,北-南,20
3,西环路(沙井),5,宝安区,永福路,8273,南环路,827301,696,南-北,20
3,西环路(沙井),5,宝安区,南环路,8273,万安路,827302,616,南-北,20
3,西环路(沙井),5,宝安区,万安路,8273,新沙路(沙井),827303,825,南-北,20
3,西环路(沙井),5,宝安区,新沙路(沙井),8273,蚝乡路,827304,938,南-北,20
3,西环路(沙井),5,宝安区,蚝乡路,8273,北环路,827305,995,南-北,20
3,西环路(沙井),5,宝安区,北环路,8273,新和大道,827306,1328,南-北,20
3,西环路(沙井),5,宝安区,新和大道,8274,北环路,827401,1345,北-南,20
3,西环路(沙井),5,宝安区,北环路,8274,蚝乡路,827402,990,北-南,20
3,西环路(沙井),5,宝安区,蚝乡路,8274,新沙路(沙井),827403,943,北-南,20
3,西环路(沙井),5,宝安区,新沙路(沙井),8274,万安路,827404,822,北-南,20
3,西环路(沙井),5,宝安区,万安路,8274,南环路,827405,622,北-南,20
3,西环路(沙井),5,宝安区,南环路,8274,永福路,827406,683,北-南,20
3,新沙路(沙井),5,宝安区,东环路,8291,广深公路,829101,1025,东-西,20
3,新沙路(沙井),5,宝安区,广深公路,8291,中心路（宝安）,829102,1436,东-西,20
3,新沙路(沙井),5,宝安区,中心路（宝安）,8291,宝安大道,829103,554,东-西,20
3,新沙路(沙井),5,宝安区,宝安大道,8291,环镇路,829104,1319,东-西,20
3,新沙路(沙井),5,宝安区,环镇路,8291,沙井路,829105,548,东-西,20
3,新沙路(沙井),5,宝安区,沙井路,8291,西环路(沙井),829106,736,东-西,20
3,新沙路(沙井),5,宝安区,西环路(沙井),8291,松福大道,829107,791,东-西,20
3,新沙路(沙井),5,宝安区,松福大道,8291,锦程路,829108,793,东-西,20
3,新沙路(沙井),5,宝安区,锦程路,8292,松福大道,829201,809,西-东,20
3,新沙路(沙井),5,宝安区,松福大道,8292,西环路(沙井),829202,784,西-东,20
3,新沙路(沙井),5,宝安区,西环路(沙井),8292,沙井路,829203,738,西-东,20
3,新沙路(沙井),5,宝安区,沙井路,8292,环镇路,829204,542,西-东,20
3,新沙路(沙井),5,宝安区,环镇路,8292,宝安大道,829205,1330,西-东,20
3,新沙路(沙井),5,宝安区,宝安大道,8292,中心路（宝安）,829206,560,西-东,20
3,新沙路(沙井),5,宝安区,中心路（宝安）,8292,广深公路,829207,1562,西-东,20
3,新沙路(沙井),5,宝安区,广深公路,8292,东环路,829208,880,西-东,20
4,兴华路(福永),5,宝安区,广深高速公路,8301,宝安大道,830101,1338,东-西,15
4,兴华路(福永),5,宝安区,宝安大道,8302,广深高速公路,830201,1338,西-东,15
4,兴华路(坪地),6,龙岗区,发展路,8311,教育中路,831101,708,东-西,15
4,兴华路(坪地),6,龙岗区,教育中路,8311,香元排路,831102,500,东-西,15
4,兴华路(坪地),6,龙岗区,香元排路,8311,花园路,831103,1088,东-西,15
4,兴华路(坪地),6,龙岗区,花园路,8312,香元排路,831201,1088,西-东,15
4,兴华路(坪地),6,龙岗区,香元排路,8312,教育中路,831202,496,西-东,15
4,兴华路(坪地),6,龙岗区,教育中路,8312,发展路,831203,710,西-东,15
3,雪岗南路,6,龙岗区,吉华路,8321,坂雪岗大道,832101,2154,东-西,20
3,雪岗南路,6,龙岗区,坂雪岗大道,8322,吉华路,832201,2155,西-东,20
3,中兴路(布吉),6,龙岗区,政清路,8341,吉政路,834101,344,东-西,20
3,中兴路(布吉),6,龙岗区,吉政路,8341,吉华路,834102,1073,东-西,20
3,中兴路(布吉),6,龙岗区,吉华路,8342,吉政路,834201,1065,西-东,20
3,中兴路(布吉),6,龙岗区,吉政路,8342,政清路,834202,348,西-东,20
4,中兴路(罗湖),2,罗湖区,文锦中路,8351,兴湖路,835101,754,东-西,15
4,中兴路(罗湖),2,罗湖区,兴湖路,8352,文锦中路,835201,754,西-东,15
4,中兴路(坪山),8,坪山区,东纵路,8363,建设路(坪山),836301,478,南-北,15
4,中兴路(坪山),8,坪山区,建设路(坪山),8364,东纵路,836401,478,北-南,15
4,和平路(罗湖),2,罗湖区,人民南路(罗湖),8373,船步路,837301,674,南-北,15
4,和平路(罗湖),2,罗湖区,船步路,8373,嘉宾路,837302,308,南-北,15
4,和平路(罗湖),2,罗湖区,深南东路,8374,嘉宾路,837401,533,北-南,15
4,和平路(罗湖),2,罗湖区,嘉宾路,8374,船步路,837402,473,北-南,15
4,和平路(罗湖),2,罗湖区,船步路,8374,人民南路(罗湖),837403,1140,北-南,15
3,和平路(龙华),9,龙华区,华清大道,8381,清龙路,838101,848,东-西,20
3,和平路(龙华),9,龙华区,清龙路,8381,东环二路,838102,955,东-西,20
3,和平路(龙华),9,龙华区,东环二路,8381,东环一路,838103,647,东-西,20
3,和平路(龙华),9,龙华区,东环一路,8381,人民路(龙华),838104,505,东-西,20
3,和平路(龙华),9,龙华区,人民路(龙华),8381,工业路,838105,701,东-西,20
3,和平路(龙华),9,龙华区,工业路,8381,布龙路,838106,659,东-西,20
3,和平路(龙华),9,龙华区,布龙路,8381,新区大道,838107,790,东-西,20
3,和平路(龙华),9,龙华区,新区大道,8381,福龙路,838108,335,东-西,20
3,和平路(龙华),9,龙华区,福龙路,8382,新区大道,838201,292,西-东,20
3,和平路(龙华),9,龙华区,新区大道,8382,布龙路,838202,803,西-东,20
3,和平路(龙华),9,龙华区,布龙路,8382,工业路,838203,647,西-东,20
3,和平路(龙华),9,龙华区,工业路,8382,人民路(龙华),838204,702,西-东,20
3,和平路(龙华),9,龙华区,人民路(龙华),8382,东环一路,838205,505,西-东,20
3,和平路(龙华),9,龙华区,东环一路,8382,东环二路,838206,657,西-东,20
3,和平路(龙华),9,龙华区,东环二路,8382,清龙路,838207,953,西-东,20
3,和平路(龙华),9,龙华区,清龙路,8382,华清大道,838208,846,西-东,20
4,芙蓉西路,5,宝安区,广深高速公路,8411,新和大道,841101,1591,东-西,15
4,芙蓉西路,5,宝安区,新和大道,8412,广深高速公路,841201,1583,西-东,15
3,松福大道,5,宝安区,福洲大道（福永）,8433,重庆路,843301,920,南-北,20
3,松福大道,5,宝安区,重庆路,8433,桥和路,843302,576,南-北,20
3,松福大道,5,宝安区,桥和路,8433,荔园路(福永),843303,930,南-北,20
3,松福大道,5,宝安区,荔园路(福永),8433,凤塘大道,843304,483,南-北,20
3,松福大道,5,宝安区,凤塘大道,8433,兴业西路,843305,715,南-北,20
3,松福大道,5,宝安区,兴业西路,8433,南环路,843306,1241,南-北,20
3,松福大道,5,宝安区,南环路,8433,万安路,843307,620,南-北,20
3,松福大道,5,宝安区,万安路,8433,新沙路(沙井),843308,847,南-北,20
3,松福大道,5,宝安区,新沙路(沙井),8433,民主大道,843309,421,南-北,20
3,松福大道,5,宝安区,民主大道,8433,蚝乡路,843310,521,南-北,20
3,松福大道,5,宝安区,蚝乡路,8433,北环路,843311,1022,南-北,20
3,松福大道,5,宝安区,北环路,8433,新和大道,843312,1595,南-北,20
3,松福大道,5,宝安区,新和大道,8433,向兴路,843313,452,南-北,20
3,松福大道,5,宝安区,向兴路,8433,京港澳高速辅,843314,1706,南-北,20
3,松福大道,5,宝安区,京港澳高速辅,8433,宝安大道辅道,843315,2558,南-北,20
3,松福大道,5,宝安区,宝安大道辅道,8433,田园路,843316,3885,南-北,20
3,松福大道,5,宝安区,田园路,8434,宝安大道辅道,843401,3886,北-南,20
3,松福大道,5,宝安区,宝安大道辅道,8434,京港澳高速辅,843402,2963,北-南,20
3,松福大道,5,宝安区,京港澳高速辅,8434,向兴路,843403,1339,北-南,20
3,松福大道,5,宝安区,向兴路,8434,新和大道,843404,457,北-南,20
3,松福大道,5,宝安区,新和大道,8434,北环路,843405,1603,北-南,20
3,松福大道,5,宝安区,北环路,8434,蚝乡路,843406,1022,北-南,20
3,松福大道,5,宝安区,蚝乡路,8434,民主大道,843407,526,北-南,20
3,松福大道,5,宝安区,民主大道,8434,新沙路(沙井),843408,420,北-南,20
3,松福大道,5,宝安区,新沙路(沙井),8434,万安路,843409,931,北-南,20
3,松福大道,5,宝安区,万安路,8434,南环路,843410,673,北-南,20
3,松福大道,5,宝安区,南环路,8434,兴业西路,843411,1188,北-南,20
3,松福大道,5,宝安区,兴业西路,8434,凤塘大道,843412,775,北-南,20
3,松福大道,5,宝安区,凤塘大道,8434,荔园路(福永),843413,423,北-南,20
3,松福大道,5,宝安区,荔园路(福永),8434,桥和路,843414,1496,北-南,20
3,松福大道,5,宝安区,桥和路,8434,重庆路,843415,69,北-南,20
3,松福大道,5,宝安区,重庆路,8434,福洲大道（福永）,843416,852,北-南,20
4,金科路,5,宝安区,甲岸南路,8453,裕安路,845301,643,南-北,15
4,金科路,5,宝安区,裕安路,8453,罗田路,845302,775,南-北,15
4,金科路,5,宝安区,罗田路,8454,裕安路,845401,776,北-南,15
4,金科路,5,宝安区,裕安路,8454,甲岸南路,845402,637,北-南,15
4,广泰路,5,宝安区,留仙一路,8473,曦城大道,847301,1159,南-北,15
4,广泰路,5,宝安区,曦城大道,8474,留仙一路,847401,1158,北-南,15
4,广盛路,5,宝安区,广泰路,8483,曦城大道,848301,774,南-北,15
4,广盛路,5,宝安区,曦城大道,8484,广泰路,848401,768,北-南,15
4,尖岗山大道,5,宝安区,曦城大道,8501,水库路,850101,1284,东-西,15
4,尖岗山大道,5,宝安区,水库路,8502,曦城大道,850201,1278,西-东,15
4,育才路,5,宝安区,机荷高速公路,8521,罗租路,852101,794,东-西,15
4,育才路,5,宝安区,罗租路,8522,机荷高速公路,852201,792,西-东,15
4,塘家大道,7,光明新区,塘福街,8541,光明大道,854101,1574,东-西,15
4,塘家大道,7,光明新区,光明大道,8542,塘福街,854201,1569,西-东,15
4,牛山路,7,光明新区,华夏路,8563,碧眼路,856301,810,南-北,15
4,牛山路,7,光明新区,碧眼路,8564,华夏路,856401,809,北-南,15
4,兴通路,7,光明新区,华夏二路,8591,高新路,859101,805,东-西,15
4,兴通路,7,光明新区,高新路,8592,华夏二路,859201,812,西-东,15
2,东滨隧道,3,南山区,东滨路,8631,广深沿江高速公路,863101,3619,东-西,30
2,东滨隧道,3,南山区,广深沿江高速公路,8632,东滨路,863202,3174,西-东,30
3,望海路,3,南山区,工业一路,8643,公园南路(南山),864301,1339,南-北,20
3,望海路,3,南山区,公园南路(南山),8643,八号路,864302,1689,南-北,20
3,望海路,3,南山区,八号路,8643,沿江高速,864303,1368,南-北,20
3,望海路,3,南山区,沿江高速,8643,沙河西路,864304,2064,南-北,20
3,望海路,3,南山区,沙河西路,8644,沿江高速,864401,1940,北-南,20
3,望海路,3,南山区,沿江高速,8644,八号路,864402,1382,北-南,20
3,望海路,3,南山区,八号路,8644,公园南路(南山),864403,1675,北-南,20
3,望海路,3,南山区,公园南路(南山),8644,工业一路,864404,1348,北-南,20
3,工业一路,3,南山区,望海路,8651,南海大道,865101,228,东-西,20
3,工业一路,3,南山区,南海大道,8652,望海路,865201,228,西-东,20
4,公园北路(南山),3,南山区,招商路,8663,工业七路,866301,383,南-北,15
4,公园北路(南山),3,南山区,工业七路,8663,工业八路,866302,634,南-北,15
4,公园北路(南山),3,南山区,工业八路,8664,工业七路,866401,638,北-南,15
4,公园北路(南山),3,南山区,工业七路,8664,招商路,866402,382,北-南,15
4,公园南路(南山),3,南山区,望海路,8673,招商路,867301,554,南-北,15
4,公园南路(南山),3,南山区,招商路,8674,望海路,867401,553,北-南,15
3,创业路(南山),3,南山区,科苑大道,8691,后海滨路,869101,715,东-西,20
3,创业路(南山),3,南山区,后海滨路,8691,后海大道,869102,657,东-西,20
3,创业路(南山),3,南山区,后海大道,8691,南海大道,869103,579,东-西,20
3,创业路(南山),3,南山区,南海大道,8691,南山大道,869104,613,东-西,20
3,创业路(南山),3,南山区,前海路,8691,月亮湾大道,869105,562,东-西,20
3,创业路(南山),3,南山区,月亮湾大道,8692,前海路,869201,574,西-东,20
3,创业路(南山),3,南山区,南山大道,8692,南海大道,869202,627,西-东,20
3,创业路(南山),3,南山区,南海大道,8692,后海大道,869203,568,西-东,20
3,创业路(南山),3,南山区,后海大道,8692,后海滨路,869204,653,西-东,20
3,创业路(南山),3,南山区,后海滨路,8692,科苑大道,869205,708,西-东,20
4,龙珠八路,3,南山区,北环大道,8713,龙珠大道,871301,427,南-北,15
4,龙珠八路,3,南山区,龙珠大道,8714,北环大道,871401,432,北-南,15
2,塘朗山隧道,3,南山区,北环大道,8723,南坪快速路,872301,3441,南-北,30
2,塘朗山隧道,3,南山区,南坪快速路,8724,北环大道,872401,2833,北-南,30
4,深云路,3,南山区,侨香路,8733,塘朗山隧道,873301,747,南-北,15
4,深云路,3,南山区,塘朗山隧道,8734,侨香路,873401,815,北-南,15
4,大富路,9,龙华区,桂香路,8743,桂月路,874301,2394,南-北,15
4,大富路,9,龙华区,桂月路,8744,桂香路,874401,2401,北-南,15
3,金田路(福田),1,福田区,福强路,8813,福民路(福田),881301,546,南-北,20
3,金田路(福田),1,福田区,福民路(福田),8813,滨河大道,881302,425,南-北,20
3,金田路(福田),1,福田区,滨河大道,8813,福华路,881303,867,南-北,20
3,金田路(福田),1,福田区,福华路,8813,深南大道,881304,742,南-北,20
3,金田路(福田),1,福田区,深南大道,8813,红荔路,881305,808,南-北,20
3,金田路(福田),1,福田区,红荔路,8814,深南大道,881401,779,北-南,20
3,金田路(福田),1,福田区,深南大道,8814,福华路,881402,756,北-南,20
3,金田路(福田),1,福田区,福华路,8814,滨河大道,881403,843,北-南,20
3,金田路(福田),1,福田区,滨河大道,8814,福民路(福田),881404,465,北-南,20
3,金田路(福田),1,福田区,福民路(福田),8814,福强路,881405,551,北-南,20
4,湖南路,6,龙岗区,百鸽路,8821,龙岗大道,882101,424,东-西,15
4,湖南路,6,龙岗区,龙岗大道,8822,百鸽路,882201,428,西-东,15
4,东湖路(观澜),9,龙华区,石新路,8843,观天路,884301,1797,南-北,15
4,东湖路(观澜),9,龙华区,观天路,8844,石新路,884401,1797,北-南,15
4,深峰路,6,龙岗区,龙岗大道,8873,水官高速,887301,1232,南-北,15
4,深峰路,6,龙岗区,水官高速,8874,龙岗大道,887401,1222,北-南,15
4,广达路,6,龙岗区,龙岗大道,8881,红棉三路,888101,795,东-西,15
4,广达路,6,龙岗区,红棉三路,8882,龙岗大道,888201,800,西-东,15
3,深汕路,8,坪山区,坪山大道,8933,东纵路,893312,774,南-北,20
3,深汕路,8,坪山区,东纵路,8933,宝龙大道,893313,1939,南-北,20
3,深汕路,6,龙岗区,宝龙大道,8933,同力路,893314,1128,南-北,20
3,深汕路,6,龙岗区,同力路,8933,同心路,893315,918,南-北,20
3,深汕路,6,龙岗区,同心路,8933,惠盐高速公路,893316,430,南-北,20
3,深汕路,6,龙岗区,惠盐高速公路,8933,爱南路,893317,953,南-北,20
3,深汕路,6,龙岗区,爱南路,8933,鸿基路,893318,653,南-北,20
3,深汕路,6,龙岗区,鸿基路,8933,龙南路,893319,647,南-北,20
3,深汕路,6,龙岗区,龙南路,8933,龙岗大道,893320,580,南-北,20
3,深汕路,6,龙岗区,龙岗大道,8934,龙南路,893401,590,北-南,20
3,深汕路,6,龙岗区,龙南路,8934,鸿基路,893402,657,北-南,20
3,深汕路,6,龙岗区,鸿基路,8934,爱南路,893403,657,北-南,20
3,深汕路,6,龙岗区,爱南路,8934,惠盐高速公路,893404,1035,北-南,20
3,深汕路,6,龙岗区,惠盐高速公路,8934,同心路,893405,344,北-南,20
3,深汕路,6,龙岗区,同心路,8934,同力路,893406,917,北-南,20
3,深汕路,6,龙岗区,同力路,8934,宝龙大道,893407,1113,北-南,20
3,深汕路,8,坪山区,宝龙大道,8934,东纵路,893408,1946,北-南,20
3,深汕路,8,坪山区,东纵路,8934,坪山大道,893409,770,北-南,20
4,人民东路,8,坪山区,金沙路(坑梓),8943,坪山大道,894301,977,南-北,15
4,人民东路,8,坪山区,坪山大道,8944,金沙路(坑梓),894401,970,北-南,15
4,宝梓中路,8,坪山区,丹梓大道,8963,人民路(坑梓),896301,1230,南-北,15
4,宝梓中路,8,坪山区,人民路(坑梓),8964,丹梓大道,896401,1234,北-南,15
4,福民路(坪山),8,坪山区,金田路(坪山),8973,福民桥,897301,1308,南-北,15
4,福民路(坪山),8,坪山区,福民桥,8974,金田路(坪山),897401,1308,北-南,15
4,横塘路,8,坪山区,金田路(坪山),9003,金牛路,900301,1962,南-北,15
4,横塘路,8,坪山区,金牛路,9004,金田路(坪山),900401,1962,北-南,15
4,华强路,10,大鹏新区,延安路,9043,葵新路,904301,911,南-北,15
4,华强路,10,大鹏新区,葵新路,9044,延安路,904401,912,北-南,15
4,福华一路,1,福田区,金田路(福田),20011,益田路,2001101,695,东-西,15
4,福华一路,1,福田区,益田路,20011,民田路,2001102,353,东-西,15
4,福华一路,1,福田区,民田路,20011,新洲路,2001103,336,东-西,15
4,福华一路,1,福田区,新洲路,20012,民田路,2001201,337,西-东,15
4,福华一路,1,福田区,民田路,20012,益田路,2001202,353,西-东,15
4,福华一路,1,福田区,益田路,20012,金田路(福田),2001203,695,西-东,15
3,沙荷路,6,龙岗区,宝荷路,20031,荷康路,2003101,3835,东-西,20
3,沙荷路,6,龙岗区,荷康路,20031,横坪公路,2003102,1482,东-西,20
3,沙荷路,6,龙岗区,横坪公路,20031,山子下路,2003103,1781,东-西,20
3,沙荷路,6,龙岗区,山子下路,20031,惠盐中路,2003104,3367,东-西,20
3,沙荷路,6,龙岗区,惠盐中路,20031,富康路,2003105,406,东-西,20
3,沙荷路,6,龙岗区,富康路,20031,六和路,2003106,1612,东-西,20
3,沙荷路,6,龙岗区,六和路,20031,盐排高速,2003107,1747,东-西,20
3,沙荷路,6,龙岗区,盐排高速,20032,六和路,2003201,1736,西-东,20
3,沙荷路,6,龙岗区,六和路,20032,富康路,2003202,1613,西-东,20
3,沙荷路,6,龙岗区,富康路,20032,惠盐中路,2003203,458,西-东,20
3,沙荷路,6,龙岗区,惠盐中路,20032,山子下路,2003204,3327,西-东,20
3,沙荷路,6,龙岗区,山子下路,20032,横坪公路,2003205,1777,西-东,20
3,沙荷路,6,龙岗区,横坪公路,20032,荷康路,2003206,1475,西-东,20
3,沙荷路,6,龙岗区,荷康路,20032,宝荷路,2003207,3827,西-东,20
3,荷康路,6,龙岗区,沙荷路,20041,龙岗大道,2004101,1522,东-西,20
3,荷康路,6,龙岗区,龙岗大道,20042,沙荷路,2004201,1541,西-东,20
3,环梅路,4,盐田区,盐梅路,20051,艺海路,2005101,616,东-西,20
3,环梅路,4,盐田区,艺海路,20051,盐梅路,2005102,1334,东-西,20
3,环梅路,4,盐田区,盐梅路,20052,艺海路,2005201,1291,西-东,20
3,环梅路,4,盐田区,艺海路,20052,盐梅路,2005202,621,西-东,20
3,艺海路,4,盐田区,环梅路,20063,环碧路,2006301,451,南-北,20
3,艺海路,4,盐田区,环碧路,20064,环梅路,2006401,453,北-南,20
3,金运路,6,龙岗区,中兴路(布吉),20073,布龙路,2007301,1310,南-北,20
3,金运路,6,龙岗区,布龙路,20074,中兴路(布吉),2007401,1310,北-南,20
4,国威路,2,罗湖区,畔山路,20081,聚宝路,2008101,1024,东-西,15
4,国威路,2,罗湖区,聚宝路,20081,仙湖路,2008102,417,东-西,15
4,国威路,2,罗湖区,仙湖路,20081,鹏兴路,2008103,411,东-西,15
4,国威路,2,罗湖区,鹏兴路,20082,仙湖路,2008201,413,西-东,15
4,国威路,2,罗湖区,仙湖路,20082,聚宝路,2008202,419,西-东,15
4,国威路,2,罗湖区,聚宝路,20082,畔山路,2008203,1015,西-东,15
4,畔山路,2,罗湖区,港莲路,20093,国威路,2009301,571,南-北,15
4,畔山路,2,罗湖区,国威路,20093,聚宝路,2009302,622,南-北,15
4,畔山路,2,罗湖区,聚宝路,20094,国威路,2009401,627,北-南,15
4,畔山路,2,罗湖区,国威路,20094,港莲路,2009402,566,北-南,15
4,鹏兴路,2,罗湖区,罗沙路,20103,仙湖路,2010301,141,南-北,15
4,鹏兴路,2,罗湖区,仙湖路,20103,国威路,2010302,453,南-北,15
4,鹏兴路,2,罗湖区,国威路,20104,仙湖路,2010401,455,北-南,15
4,鹏兴路,2,罗湖区,仙湖路,20104,罗沙路,2010402,141,北-南,15
4,龙珠四路,3,南山区,龙珠大道,20113,龙井路,2011301,492,南-北,15
4,龙珠四路,3,南山区,龙井路,20113,北环大道,2011302,557,南-北,15
4,龙珠四路,3,南山区,北环大道,20114,龙井路,2011401,568,北-南,15
4,龙珠四路,3,南山区,龙井路,20114,龙珠大道,2011402,488,北-南,15
3,仙堡路,3,南山区,龙珠四路,20121,沙河东路,2012101,433,东-西,20
3,仙堡路,3,南山区,沙河东路,20122,龙珠四路,2012201,433,西-东,20
3, 龙珠三路,3,南山区,龙井路,20133,龙珠大道,2013301,662,南-北,20
3, 龙珠三路,3,南山区,龙珠大道,20134,龙井路,2013401,662,北-南,20
4,华南大道,6,龙岗区,一号路,20143,国际大道,2014301,474,南-北,15
4,华南大道,6,龙岗区,国际大道,20143,富安大道,2014302,560,南-北,15
4,华南大道,6,龙岗区,富安大道,20144,国际大道,2014401,560,北-南,15
4,华南大道,6,龙岗区,国际大道,20144,一号路,2014402,475,北-南,15
4,一号路（龙岗）,6,龙岗区,华南大道,20151,平新北路,2015101,538,东-西,15
4,一号路（龙岗）,6,龙岗区,平新北路,20152,华南大道,2015201,538,西-东,15
3,梦海大道,3,南山区,前湾四路,20163,怡海大道,2016301,926,南-北,20
3,梦海大道,3,南山区,怡海大道,20163,前海一路,2016302,801,南-北,20
3,梦海大道,3,南山区,前海一路,20163,桂湾三路,2016303,1612,南-北,20
3,梦海大道,3,南山区,桂湾三路,20163,湖滨西路,2016304,801,南-北,20
3,梦海大道,3,南山区,湖滨西路,20164,桂湾三路,2016401,803,北-南,20
3,梦海大道,3,南山区,桂湾三路,20164,前海一路,2016402,1589,北-南,20
3,梦海大道,3,南山区,前海一路,20164,怡海大道,2016403,553,北-南,20
3,梦海大道,3,南山区,怡海大道,20164,前湾四路,2016404,919,北-南,20
4,怡海大道,3,南山区,梦海大道,20173,前海一路,2017301,1026,南-北,15
4,怡海大道,3,南山区,前海一路,20173,关口二路,2017302,3009,南-北,15
4,怡海大道,3,南山区,关口二路,20174,前海一路,2017401,3031,北-南,15
4,怡海大道,3,南山区,前海一路,20174,梦海大道,2017402,1003,北-南,15
4,听海大道,3,南山区,沿江高速,20183,前海一路,2018301,1164,南-北,15
4,听海大道,3,南山区,前海一路,20184,沿江高速,2018401,912,北-南,15
3,前海一路,3,南山区,月亮湾大道,20191,怡海大道,2019101,290,东-西,20
3,前海一路,3,南山区,怡海大道,20191,梦海大道,2019102,535,东-西,20
3,前海一路,3,南山区,梦海大道,20191,听海大道,2019103,1141,东-西,20
3,前海一路,3,南山区,听海大道,20192,梦海大道,2019201,1126,西-东,20
3,前海一路,3,南山区,梦海大道,20192,怡海大道,2019202,281,西-东,20
3,前海一路,3,南山区,怡海大道,20192,月亮湾大道,2019203,293,西-东,20
2,机场南路,5,宝安区,广深高速公路,20201,领航高架,2020101,4124,东-西,30
2,机场南路,5,宝安区,领航高架,20202,广深高速公路,2020201,4228,西-东,30
2,领航高架,5,宝安区,机场南路,20213,空港八道,2021301,2983,南-北,30
2,领航高架,5,宝安区,空港八道,20214,机场南路,2021401,2561,北-南,30
3,福洲大道,5,宝安区,洲石公路,20223,凤凰山隧道,2022301,1169,南-北,20
3,福洲大道,5,宝安区,凤凰山隧道,20224,洲石公路,2022401,1137,北-南,20
4,周家大道,7,光明新区,富利南路,20231,根玉路,2023101,1227,东-西,15
4,周家大道,7,光明新区,根玉路,20232,富利南路,2023201,1220,西-东,15
4,富利南路,7,光明新区,周家大道,20243,人民路(公明),2024301,1960,南-北,15
4,富利南路,7,光明新区,人民路(公明),20244,周家大道,2024401,2104,北-南,15
4,石岩外环路,5,宝安区,石岩北环路,20251,龙大高速公路,2025101,4704,东-西,15
4,石岩外环路,5,宝安区,龙大高速公路,20252,石岩北环路,2025201,4697,西-东,15
2,龙观快速,9,龙华区,观光路,20263,大浪南路,2026301,6564,南-北,30
2,龙观快速,9,龙华区,大浪南路,20264,观光路,2026401,6556,北-南,30
4,民和路,9,龙华区,观澜大道,20273,观光路,2027301,1740,南-北,15
4,民和路,9,龙华区,观光路,20274,观澜大道,2027401,1739,北-南,15
4,石皮山隧道,9,龙华区,环观南路,20283,观平路,2028301,1170,南-北,15
4,石皮山隧道,9,龙华区,观平路,20284,环观南路,2028401,1148,北-南,15
3,坂李大道,6,龙岗区,布澜路,20291,板澜大道,2029101,3705,东-西,20
3,坂李大道,6,龙岗区,板澜大道,20291,五和大道,2029102,2607,东-西,20
3,坂李大道,6,龙岗区,五和大道,20292,板澜大道,2029201,2639,西-东,20
3,坂李大道,6,龙岗区,板澜大道,20292,布澜路,2029202,3725,西-东,20
3,板澜大道,9,龙华区,坂李大道,20303,环观南路,2030301,4345,南-北,20
3,板澜大道,9,龙华区,环观南路,20304,坂李大道,2030401,4391,北-南,20
3,平大路,6,龙岗区,平龙路,20311,新厦大道,2031101,3872,东-西,20
3,平大路,9,龙华区,新厦大道,20311,环观南路,2031102,353,东-西,20
3,平大路,9,龙华区,环观南路,20312,新厦大道,2031201,328,西-东,20
3,平大路,6,龙岗区,新厦大道,20312,平龙路,2031202,3870,西-东,20
4,龙坪路,8,坪山区,比亚迪路,20323,东纵路,2032301,737,南-北,15
4,龙坪路,8,坪山区,东纵路,20323,金牛路,2032302,1783,南-北,15
4,龙坪路,8,坪山区,金牛路,20324,东纵路,2032401,1770,北-南,15
4,龙坪路,8,坪山区,东纵路,20324,比亚迪路,2032402,732,北-南,15
3,葵坝路,10,大鹏新区,坝核公路,20331,延安路,2033101,5997,东-西,20
3,葵坝路,10,大鹏新区,延安路,20332,坝核公路,2033201,5997,西-东,20
2,月亮湾大道高架,3,南山区,妈湾大道,20343,兴海大道,2034301,1447,南-北,30
2,月亮湾大道高架,3,南山区,兴海大道,20344,妈湾大道,2034401,1375,北-南,30
3,凤凰山隧道,5,宝安区,福凤路,20351,福州大道,2035101,2908,东-西,20
3,凤凰山隧道,5,宝安区,福州大道,20352,福凤路,2035201,2888,西-东,20
1,广深沿江高速公路,3,南山区,东滨隧道,34583,前海收费站,3458301,3991,南-北,30
1,广深沿江高速公路,5,宝安区,前海收费站,34583,西乡南收费站,3458302,4444,南-北,30
1,广深沿江高速公路,5,宝安区,西乡南收费站,34583,西乡北收费站,3458303,2051,南-北,30
1,广深沿江高速公路,5,宝安区,西乡北收费站,34583,福永收费站,3458304,14057,南-北,30
1,广深沿江高速公路,5,宝安区,福永收费站,34583,长安收费站,3458305,8837,南-北,30
1,广深沿江高速公路,5,宝安区,长安收费站,34584,福永收费站,3458409,8967,北-南,30
1,广深沿江高速公路,5,宝安区,福永收费站,34584,西乡北收费站,3458410,14101,北-南,30
1,广深沿江高速公路,5,宝安区,西乡北收费站,34584,西乡南收费站,3458411,1893,北-南,30
1,广深沿江高速公路,5,宝安区,西乡南收费站,34584,前海收费站,3458412,4133,北-南,30
1,广深沿江高速公路,3,南山区,前海收费站,34584,东滨隧道,3458413,4301,北-南,30
1,盐排高速公路,4,盐田区,惠深沿海高速公路,34753,盐田收费站,3475301,5798,南-北,30
1,盐排高速公路,6,龙岗区,盐田收费站,34753,长深高速出入口,3475302,3881,南-北,30
1,盐排高速公路,6,龙岗区,长深高速出入口,34753,横岗收费站,3475303,2157,南-北,30
1,盐排高速公路,6,龙岗区,横岗收费站,34753,水盐立交,3475304,1653,南-北,30
1,盐排高速公路,6,龙岗区,水盐立交,34753,排榜立交,3475305,865,南-北,30
1,盐排高速公路,6,龙岗区,排榜立交,34753,凤岗收费站,3475306,1740,南-北,30
1,盐排高速公路,6,龙岗区,凤岗收费站,34754,排榜立交,3475419,1547,北-南,30
1,盐排高速公路,6,龙岗区,排榜立交,34754,水盐立交,3475420,923,北-南,30
1,盐排高速公路,6,龙岗区,水盐立交,34754,横岗收费站,3475421,1377,北-南,30
1,盐排高速公路,6,龙岗区,横岗收费站,34754,长深高速出入口,3475422,2498,北-南,30
1,盐排高速公路,6,龙岗区,长深高速出入口,34754,盐田收费站,3475423,3797,北-南,30
1,盐排高速公路,4,盐田区,盐田收费站,34754,惠深沿海高速公路,3475424,5810,北-南,30
1,水官高速公路,6,龙岗区,龙岗收费站,34761,横坪收费站,3476101,1826,东-西,30
1,水官高速公路,6,龙岗区,横坪收费站,34761,水盐立交,3476102,4640,东-西,30
1,水官高速公路,6,龙岗区,水盐立交,34761,平沙收费站,3476103,1277,东-西,30
1,水官高速公路,6,龙岗区,平沙收费站,34761,布澜收费站,3476104,3218,东-西,30
1,水官高速公路,6,龙岗区,布澜收费站,34761,布龙收费站,3476105,2491,东-西,30
1,水官高速公路,6,龙岗区,布龙收费站,34762,布澜收费站,3476201,2455,西-东,30
1,水官高速公路,6,龙岗区,布澜收费站,34762,平沙收费站,3476202,3410,西-东,30
1,水官高速公路,6,龙岗区,平沙收费站,34762,水盐立交,3476203,1305,西-东,30
1,水官高速公路,6,龙岗区,水盐立交,34762,横坪收费站,3476204,4422,西-东,30
1,水官高速公路,6,龙岗区,横坪收费站,34762,龙岗收费站,3476205,1895,西-东,30
1,清平高速公路,6,龙岗区,红岗路,34773,神龙收费站,3477301,5540,南-北,30
1,清平高速公路,6,龙岗区,神龙收费站,34773,龙景收费站,3477302,1474,南-北,30
1,清平高速公路,6,龙岗区,龙景收费站,34773,沈海高速公路,3477303,3638,南-北,30
1,清平高速公路,6,龙岗区,沈海高速公路,34773,富安收费站,3477304,2052,南-北,30
1,清平高速公路,6,龙岗区,富安收费站,34773,金龙收费站,3477305,3450,南-北,30
1,清平高速公路,6,龙岗区,金龙收费站,34774,富安收费站,3477401,3334,北-南,30
1,清平高速公路,6,龙岗区,富安收费站,34774,沈海高速公路,3477402,2143,北-南,30
1,清平高速公路,6,龙岗区,沈海高速公路,34774,龙景收费站,3477403,4004,北-南,30
1,清平高速公路,6,龙岗区,龙景收费站,34774,神龙收费站,3477404,1109,北-南,30
1,清平高速公路,6,龙岗区,神龙收费站,34774,红岗路,3477405,5762,北-南,30
1,盐坝高速公路,10,大鹏新区,小桂收费站,34791,坝光收费站,3479108,2048,东-西,30
1,盐坝高速公路,10,大鹏新区,坝光收费站,34791,葵涌收费站,3479109,9871,东-西,30
1,盐坝高速公路,10,大鹏新区,葵涌收费站,34791,土洋收费站,3479110,3219,东-西,30
1,盐坝高速公路,10,大鹏新区,土洋收费站,34791,溪涌收费站,3479111,4273,东-西,30
1,盐坝高速公路,4,盐田区,溪涌收费站,34791,小梅沙收费站,3479112,3851,东-西,30
1,盐坝高速公路,4,盐田区,小梅沙收费站,34791,大梅沙收费站,3479113,3107,东-西,30
1,盐坝高速公路,4,盐田区,大梅沙收费站,34791,明珠立交,3479114,4736,东-西,30
1,盐坝高速公路,4,盐田区,明珠立交,34791,仁深高速公路,3479115,1400,东-西,30
1,盐坝高速公路,4,盐田区,仁深高速公路,34792,明珠立交,3479203,1798,西-东,30
1,盐坝高速公路,4,盐田区,明珠立交,34792,大梅沙收费站,3479204,4417,西-东,30
1,盐坝高速公路,4,盐田区,大梅沙收费站,34792,小梅沙收费站,3479205,3182,西-东,30
1,盐坝高速公路,4,盐田区,小梅沙收费站,34792,溪涌收费站,3479206,3727,西-东,30
1,盐坝高速公路,10,大鹏新区,溪涌收费站,34792,土洋收费站,3479207,4121,西-东,30
1,盐坝高速公路,10,大鹏新区,土洋收费站,34792,葵涌收费站,3479208,3309,西-东,30
1,盐坝高速公路,10,大鹏新区,葵涌收费站,34792,坝光收费站,3479209,9763,西-东,30
1,盐坝高速公路,10,大鹏新区,坝光收费站,34792,小桂收费站,3479210,2184,西-东,30
1,龙大高速公路,5,宝安区,福龙路,34803,朗田收费站,3480301,1755,南-北,30
1,龙大高速公路,5,宝安区,朗田收费站,34803,石龙仔收费站,3480302,753,南-北,30
1,龙大高速公路,7,光明新区,石龙仔收费站,34803,光明收费站,3480303,7445,南-北,30
1,龙大高速公路,7,光明新区,光明收费站,34803,楼村收费站,3480304,4002,南-北,30
1,龙大高速公路,7,光明新区,楼村收费站,34803,松岗收费站,3480305,5060,南-北,30
1,龙大高速公路,5,宝安区,松岗收费站,34803,莞佛高速公路,3480306,2146,南-北,30
1,龙大高速公路,5,宝安区,莞佛高速公路,34804,松岗收费站,3480401,2110,北-南,30
1,龙大高速公路,7,光明新区,松岗收费站,34804,楼村收费站,3480402,5098,北-南,30
1,龙大高速公路,7,光明新区,楼村收费站,34804,光明收费站,3480403,3952,北-南,30
1,龙大高速公路,7,光明新区,光明收费站,34804,石龙仔收费站,3480404,7504,北-南,30
1,龙大高速公路,5,宝安区,石龙仔收费站,34804,朗田收费站,3480405,725,北-南,30
1,龙大高速公路,5,宝安区,朗田收费站,34804,福龙路,3480406,1783,北-南,30
1,南光高速公路,3,南山区,南坪快速路,34823,白芒收费站,3482301,4022,南-北,30
1,南光高速公路,5,宝安区,白芒收费站,34823,宝石收费站,3482302,2204,南-北,30
1,南光高速公路,5,宝安区,宝石收费站,34823,洲石收费站,3482303,6083,南-北,30
1,南光高速公路,7,光明新区,洲石收费站,34823,塘明收费站,3482304,8027,南-北,30
1,南光高速公路,7,光明新区,塘明收费站,34823,下村收费站,3482305,6163,南-北,30
1,南光高速公路,7,光明新区,下村收费站,34823,松岗收费站,3482306,3010,南-北,30
1,南光高速公路,7,光明新区,松岗收费站,34824,下村收费站,3482401,3024,北-南,30
1,南光高速公路,7,光明新区,下村收费站,34824,塘明收费站,3482402,6290,北-南,30
1,南光高速公路,7,光明新区,塘明收费站,34824,洲石收费站,3482403,7892,北-南,30
1,南光高速公路,5,宝安区,洲石收费站,34824,宝石收费站,3482404,6406,北-南,30
1,南光高速公路,5,宝安区,宝石收费站,34824,白芒收费站,3482405,2020,北-南,30
1,南光高速公路,3,南山区,白芒收费站,34824,南坪快速路,3482406,3895,北-南,30
1,惠盐高速公路,6,龙岗区,机荷高速公路,35013,龙岗收费站,3501301,8306,南-北,30
1,惠盐高速公路,6,龙岗区,龙岗收费站,35013,富地岗收费站,3501302,6453,南-北,30
1,惠盐高速公路,6,龙岗区,富地岗收费站,35013,新圩收费站,3501303,5139,南-北,30
1,惠盐高速公路,6,龙岗区,新圩收费站,35014,富地岗收费站,3501404,4760,北-南,30
1,惠盐高速公路,6,龙岗区,富地岗收费站,35014,龙岗收费站,3501405,6046,北-南,30
1,惠盐高速公路,6,龙岗区,龙岗收费站,35014,机荷高速公路,3501406,8601,北-南,30
1,广深高速公路,1,福田区,皇岗收费站,35023,福田收费站,3502301,6690,南-北,30
1,广深高速公路,1,福田区,福田收费站,35023,南坪收费站,3502302,2888,南-北,30
1,广深高速公路,3,南山区,南坪收费站,35023,南头收费站,3502303,5419,南-北,30
1,广深高速公路,3,南山区,南头收费站,35023,宝安收费站,3502304,5558,南-北,30
1,广深高速公路,5,宝安区,宝安收费站,35023,鹤洲收费站,3502305,6169,南-北,30
1,广深高速公路,5,宝安区,鹤洲收费站,35023,福永收费站,3502306,3341,南-北,30
1,广深高速公路,5,宝安区,福永收费站,35023,沙井收费站,3502307,6817,南-北,30
1,广深高速公路,5,宝安区,沙井收费站,35023,新桥收费站,3502308,3158,南-北,30
1,广深高速公路,5,宝安区,新桥收费站,35023,长安收费站,3502309,7711,南-北,30
1,广深高速公路,5,宝安区,长安收费站,35024,新桥收费站,3502413,7589,北-南,30
1,广深高速公路,5,宝安区,新桥收费站,35024,沙井收费站,3502414,3776,北-南,30
1,广深高速公路,5,宝安区,沙井收费站,35024,福永收费站,3502415,6101,北-南,30
1,广深高速公路,5,宝安区,福永收费站,35024,鹤洲收费站,3502416,3549,北-南,30
1,广深高速公路,5,宝安区,鹤洲收费站,35024,宝安收费站,3502417,5679,北-南,30
1,广深高速公路,5,宝安区,宝安收费站,35024,南头收费站,3502418,5039,北-南,30
1,广深高速公路,3,南山区,南头收费站,35024,南坪收费站,3502419,6453,北-南,30
1,广深高速公路,1,福田区,南坪收费站,35024,福田收费站,3502420,2832,北-南,30
1,广深高速公路,1,福田区,福田收费站,35024,皇岗收费站,3502421,6289,北-南,30
1,梅观高速公路,6,龙岗区,梅观路,35173,清湖立交,3517301,7893,南-北,30
1,梅观高速公路,9,龙华区,清湖立交,35173,观澜收费站,3517302,7074,南-北,30
1,梅观高速公路,9,龙华区,观澜收费站,35173,G94珠三角环线高速出入口,3517303,3900,南-北,30
1,梅观高速公路,9,龙华区,G94珠三角环线高速出入口,35174,观澜收费站,3517401,3541,北-南,30
1,梅观高速公路,9,龙华区,观澜收费站,35174,清湖立交,3517402,6140,北-南,30
1,梅观高速公路,9,龙华区,清湖立交,35174,梅观路,3517403,9135,北-南,30
1,机荷高速公路,6,龙岗区,惠盐高速公路,35181,水官高速公路,3518101,2353,东-西,30
1,机荷高速公路,6,龙岗区,水官高速公路,35181,排榜立交,3518102,4761,东-西,30
1,机荷高速公路,6,龙岗区,排榜立交,35181,白泥坑收费站,3518103,2569,东-西,30
1,机荷高速公路,6,龙岗区,白泥坑收费站,35181,平湖收费站,3518104,3239,东-西,30
1,机荷高速公路,6,龙岗区,平湖收费站,35181,清平高速公路,3518105,2764,东-西,30
1,机荷高速公路,9,龙华区,清平高速公路,35181,清湖立交,3518106,3996,东-西,30
1,机荷高速公路,9,龙华区,清湖立交,35181,福民收费站,3518107,2720,东-西,30
1,机荷高速公路,9,龙华区,福民收费站,35181,水郎收费站,3518108,6395,东-西,30
1,机荷高速公路,5,宝安区,水郎收费站,35181,溪之谷收费站,3518109,2574,东-西,30
1,机荷高速公路,5,宝安区,溪之谷收费站,35181,石岩收费站,3518110,3802,东-西,30
1,机荷高速公路,5,宝安区,石岩收费站,35181,南光高速公路,3518111,3234,东-西,30
1,机荷高速公路,5,宝安区,南光高速公路,35181,黄鹤收费站,3518112,5130,东-西,30
1,机荷高速公路,5,宝安区,黄鹤收费站,35182,南光高速公路,3518201,5339,西-东,30
1,机荷高速公路,5,宝安区,南光高速公路,35182,石岩收费站,3518202,2593,西-东,30
1,机荷高速公路,5,宝安区,石岩收费站,35182,溪之谷收费站,3518203,3902,西-东,30
1,机荷高速公路,5,宝安区,溪之谷收费站,35182,水郎收费站,3518204,2506,西-东,30
1,机荷高速公路,9,龙华区,水郎收费站,35182,福民收费站,3518205,6778,西-东,30
1,机荷高速公路,9,龙华区,福民收费站,35182,清湖立交,3518206,2829,西-东,30
1,机荷高速公路,9,龙华区,清湖立交,35182,清平高速公路,3518207,3739,西-东,30
1,机荷高速公路,6,龙岗区,清平高速公路,35182,平湖收费站,3518208,2800,西-东,30
1,机荷高速公路,6,龙岗区,平湖收费站,35182,白泥坑收费站,3518209,2834,西-东,30
1,机荷高速公路,6,龙岗区,白泥坑收费站,35182,排榜立交,3518210,2874,西-东,30
1,机荷高速公路,6,龙岗区,排榜立交,35182,水官高速公路,3518211,4249,西-东,30
1,机荷高速公路,6,龙岗区,水官高速公路,35182,惠盐高速公路,3518212,3086,西-东,30
1,深汕高速公路,8,坪山区,淡水收费站,35191,坑梓收费站,3519121,6379,东-西,30
1,深汕高速公路,8,坪山区,坑梓收费站,35191,龙岗收费站,3519122,6002,东-西,30
1,深汕高速公路,8,坪山区,龙岗收费站,35192,坑梓收费站,3519201,6401,西-东,30
1,深汕高速公路,8,坪山区,坑梓收费站,35192,淡水收费站,3519202,6652,西-东,30
2,香蜜湖路,1,福田区,滨河大道,113,深南大道,11301,1004,南-北,30
2,香蜜湖路,1,福田区,深南大道,113,红荔西路,11302,715,南-北,30
2,香蜜湖路,1,福田区,红荔西路,113,侨香路,11303,1167,南-北,30
2,香蜜湖路,1,福田区,侨香路,113,北环大道,11304,751,南-北,30
2,香蜜湖路,1,福田区,北环大道,114,侨香路,11401,627,北-南,30
2,香蜜湖路,1,福田区,侨香路,114,红荔西路,11402,1124,北-南,30
2,香蜜湖路,1,福田区,红荔西路,114,深南大道,11403,840,北-南,30
2,香蜜湖路,1,福田区,深南大道,114,滨河大道,11404,924,北-南,30
2,滨河大道,2,罗湖区,船步路,121,红岭南路,12101,796,东-西,30
2,滨河大道,1,福田区,红岭南路,121,上步南路,12102,627,东-西,30
2,滨河大道,1,福田区,上步南路,121,华强南路,12103,1181,东-西,30
2,滨河大道,1,福田区,华强南路,121,福田路,12104,1215,东-西,30
2,滨河大道,1,福田区,福田路,121,皇岗路,12105,477,东-西,30
2,滨河大道,1,福田区,皇岗路,121,彩田路,12106,573,东-西,30
2,滨河大道,1,福田区,彩田路,121,金田路(福田),12107,359,东-西,30
2,滨河大道,1,福田区,金田路(福田),121,益田路,12108,805,东-西,30
2,滨河大道,1,福田区,益田路,121,新洲路,12109,936,东-西,30
2,滨河大道,1,福田区,新洲路,121,沙嘴路,12110,870,东-西,30
2,滨河大道,1,福田区,沙嘴路,121,香蜜湖路,12111,1216,东-西,30
2,滨河大道,1,福田区,香蜜湖路,121,滨海大道,12112,717,东-西,30
2,滨河大道,1,福田区,滨海大道,122,香蜜湖路,12201,1377,西-东,30
2,滨河大道,1,福田区,香蜜湖路,122,沙嘴路,12202,241,西-东,30
2,滨河大道,1,福田区,沙嘴路,122,新洲路,12203,1112,西-东,30
2,滨河大道,1,福田区,新洲路,122,益田路,12204,775,西-东,30
2,滨河大道,1,福田区,益田路,122,金田路(福田),12205,782,西-东,30
2,滨河大道,1,福田区,金田路(福田),122,彩田路,12206,627,西-东,30
2,滨河大道,1,福田区,彩田路,122,皇岗路,12207,297,西-东,30
2,滨河大道,1,福田区,皇岗路,122,福田路,12208,711,西-东,30
2,滨河大道,1,福田区,福田路,122,华强南路,12209,1308,西-东,30
2,滨河大道,1,福田区,华强南路,122,上步南路,12210,548,西-东,30
2,滨河大道,1,福田区,上步南路,122,红岭南路,12211,1328,西-东,30
2,滨河大道,2,罗湖区,红岭南路,122,船步路,12212,888,西-东,30
2,福龙路,1,福田区,北环大道,133,南坪快速路,13301,3277,南-北,30
2,福龙路,3,南山区,南坪快速路,133,留仙大道,13302,1657,南-北,30
2,福龙路,9,龙华区,留仙大道,133,人民路(龙华),13303,2371,南-北,30
2,福龙路,9,龙华区,人民路(龙华),133,和平路(龙华),13304,2375,南-北,30
2,福龙路,9,龙华区,和平路(龙华),133,布龙公路,13305,4355,南-北,30
2,福龙路,9,龙华区,布龙公路,134,和平路(龙华),13401,4348,北-南,30
2,福龙路,9,龙华区,和平路(龙华),134,人民路(龙华),13402,2379,北-南,30
2,福龙路,9,龙华区,人民路(龙华),134,留仙大道,13403,2366,北-南,30
2,福龙路,3,南山区,留仙大道,134,南坪快速路,13404,1634,北-南,30
2,福龙路,1,福田区,南坪快速路,134,北环大道,13405,3443,北-南,30
2,滨海大道,1,福田区,滨河大道,141,侨城东路,14101,1925,东-西,30
2,滨海大道,3,南山区,侨城东路,141,深湾五路,14102,1843,东-西,30
2,滨海大道,3,南山区,深湾五路,141,沙河东路,14103,2262,东-西,30
2,滨海大道,3,南山区,沙河东路,141,沙河西路,14104,824,东-西,30
2,滨海大道,3,南山区,沙河西路,141,科苑南路,14105,1008,东-西,30
2,滨海大道,3,南山区,科苑南路,141,后海大道,14106,1055,东-西,30
2,滨海大道,3,南山区,后海大道,141,南海大道,14107,796,东-西,30
2,滨海大道,3,南山区,南海大道,141,南山大道,14108,321,东-西,30
2,滨海大道,3,南山区,南山大道,142,南海大道,14201,785,西-东,30
2,滨海大道,3,南山区,南海大道,142,后海大道,14202,520,西-东,30
2,滨海大道,3,南山区,后海大道,142,科苑南路,14203,956,西-东,30
2,滨海大道,3,南山区,科苑南路,142,沙河西路,14204,921,西-东,30
2,滨海大道,3,南山区,沙河西路,142,沙河东路,14205,1318,西-东,30
2,滨海大道,3,南山区,沙河东路,142,深湾五路,14206,1770,西-东,30
2,滨海大道,3,南山区,深湾五路,142,侨城东路,14207,1847,西-东,30
2,滨海大道,1,福田区,侨城东路,142,滨河大道,14208,2174,西-东,30
2,北环大道,1,福田区,泥岗西路,151,皇岗路,15101,2355,东-西,30
2,北环大道,1,福田区,皇岗路,151,彩田路,15102,786,东-西,30
2,北环大道,1,福田区,彩田路,151,中康路,15103,492,东-西,30
2,北环大道,1,福田区,中康路,151,梅村路,15104,589,东-西,30
2,北环大道,1,福田区,梅村路,151,新洲路,15105,859,东-西,30
2,北环大道,1,福田区,新洲路,151,景田路,15106,890,东-西,30
2,北环大道,1,福田区,景田路,151,香梅路,15107,1185,东-西,30
2,北环大道,1,福田区,香梅路,151,香蜜湖路,15108,943,东-西,30
2,北环大道,1,福田区,香蜜湖路,151,南坪快速路,15109,3070,东-西,30
2,北环大道,3,南山区,南坪快速路,151,侨香路,15110,1478,东-西,30
2,北环大道,3,南山区,侨香路,151,沙河东路,15111,1398,东-西,30
2,北环大道,3,南山区,沙河东路,151,沙河西路,15112,597,东-西,30
2,北环大道,3,南山区,沙河西路,151,科苑北路,15113,1534,东-西,30
2,北环大道,3,南山区,科苑北路,151,南海大道,15114,1215,东-西,30
2,北环大道,3,南山区,南海大道,151,南山大道,15115,675,东-西,30
2,北环大道,3,南山区,南山大道,151,深南大道,15116,1301,东-西,30
2,北环大道,3,南山区,深南大道,152,南山大道,15201,1380,西-东,30
2,北环大道,3,南山区,南山大道,152,南海大道,15202,1025,西-东,30
2,北环大道,3,南山区,南海大道,152,科苑北路,15203,1334,西-东,30
2,北环大道,3,南山区,科苑北路,152,沙河西路,15204,1066,西-东,30
2,北环大道,3,南山区,沙河西路,152,沙河东路,15205,1012,西-东,30
2,北环大道,3,南山区,沙河东路,152,侨香路,15206,1134,西-东,30
2,北环大道,3,南山区,侨香路,152,南坪快速路,15207,1307,西-东,30
2,北环大道,1,福田区,南坪快速路,152,香蜜湖路,15208,3184,西-东,30
2,北环大道,1,福田区,香蜜湖路,152,香梅路,15209,1036,西-东,30
2,北环大道,1,福田区,香梅路,152,景田路,15210,575,西-东,30
2,北环大道,1,福田区,景田路,152,新洲路,15211,635,西-东,30
2,北环大道,1,福田区,新洲路,152,梅村路,15212,1361,西-东,30
2,北环大道,1,福田区,梅村路,152,中康路,15213,140,西-东,30
2,北环大道,1,福田区,中康路,152,彩田路,15214,1200,西-东,30
2,北环大道,1,福田区,彩田路,152,皇岗路,15215,550,西-东,30
2,北环大道,1,福田区,皇岗路,152,泥岗西路,15216,2341,西-东,30
4,福田南路,1,福田区,百合路,163,滨河大道辅道,16301,1008,南-北,15
4,福田南路,1,福田区,滨河大道辅道,164,百合路,16401,1009,北-南,15
3,红荔西路,1,福田区,新洲路,171,景田路,17101,455,东-西,20
3,红荔西路,1,福田区,景田路,171,香梅路,17102,583,东-西,20
3,红荔西路,1,福田区,香梅路,171,香蜜湖路,17103,1037,东-西,20
3,红荔西路,1,福田区,香蜜湖路,171,农园路,17104,784,东-西,20
3,红荔西路,1,福田区,农园路,171,农林路,17105,553,东-西,20
3,红荔西路,1,福田区,农林路,172,农园路,17201,542,西-东,20
3,红荔西路,1,福田区,农园路,172,香蜜湖路,17202,798,西-东,20
3,红荔西路,1,福田区,香蜜湖路,172,香梅路,17203,1032,西-东,20
3,红荔西路,1,福田区,香梅路,172,景田路,17204,571,西-东,20
3,红荔西路,1,福田区,景田路,172,新洲路,17205,463,西-东,20
3,皇岗北路,1,福田区,北环大道,183,梅观路,18301,1198,南-北,20
3,皇岗北路,1,福田区,梅观路,184,北环大道,18401,1183,北-南,20
3,梅丽路,1,福田区,梅华路,193,梅林路,19301,708,南-北,20
3,梅丽路,1,福田区,梅林路,194,梅华路,19401,992,北-南,20
3,深南中路,1,福田区,深南东路,201,上步中路,20101,875,东-西,20
3,深南中路,1,福田区,上步中路,201,华强北路,20102,984,东-西,20
3,深南中路,1,福田区,华强北路,201,华富路,20103,573,东-西,20
3,深南中路,1,福田区,华富路,201,深南大道,20104,428,东-西,20
3,深南中路,1,福田区,深南大道,202,华富路,20201,398,西-东,20
3,东滨路,3,南山区,南光路,1402,南海大道,140204,726,西-东,20
3,东滨路,3,南山区,南海大道,1402,后海大道,140205,864,西-东,20
3,东滨路,3,南山区,后海大道,1402,后海滨路,140206,595,西-东,20
3,东滨路,3,南山区,后海滨路,1402,科苑大道,140207,594,西-东,20
3,东滨路,3,南山区,科苑大道,1402,沙河西路,140208,553,西-东,20
3,后海大道,3,南山区,八号路,1413,工业七路,141301,1001,南-北,20
3,后海大道,3,南山区,工业七路,1413,工业八路,141302,543,南-北,20
3,后海大道,3,南山区,工业八路,1413,东滨路,141303,573,南-北,20
3,后海大道,3,南山区,东滨路,1413,登良路,141304,559,南-北,20
3,后海大道,3,南山区,登良路,1413,创业路(南山),141305,535,南-北,20
3,后海大道,3,南山区,创业路(南山),1413,滨海大道,141306,771,南-北,20
3,后海大道,3,南山区,滨海大道,1413,学府路,141307,408,南-北,20
3,后海大道,3,南山区,学府路,1414,滨海大道,141401,406,北-南,20
3,后海大道,3,南山区,滨海大道,1414,创业路(南山),141402,772,北-南,20
3,后海大道,3,南山区,创业路(南山),1414,登良路,141403,532,北-南,20
3,后海大道,3,南山区,登良路,1414,东滨路,141404,568,北-南,20
3,后海大道,3,南山区,东滨路,1414,工业八路,141405,569,北-南,20
3,后海大道,3,南山区,工业八路,1414,工业七路,141406,539,北-南,20
3,后海大道,3,南山区,工业七路,1414,八号路,141407,1006,北-南,20
3,兴海大道,3,南山区,西港路,1423,月亮湾大道,142301,5342,南-北,20
3,兴海大道,3,南山区,月亮湾大道,1423,广深沿江高速,142302,3075,南-北,20
3,兴海大道,3,南山区,广深沿江高速,1424,月亮湾大道,142401,3225,北-南,20
3,兴海大道,3,南山区,月亮湾大道,1424,西港路,142402,5346,北-南,20
3,妈湾大道,3,南山区,右炮台路,1433,月亮湾大道,143301,2894,南-北,20
3,妈湾大道,3,南山区,月亮湾大道,1433,听海路,143302,2157,南-北,20
3,妈湾大道,3,南山区,听海路,1434,月亮湾大道,143401,2151,北-南,20
3,妈湾大道,3,南山区,月亮湾大道,1434,右炮台路,143402,2899,北-南,20
3,月亮湾大道,3,南山区,妈湾大道,1443,兴海大道,144301,1720,南-北,20
3,月亮湾大道,3,南山区,兴海大道,1443,沿江高速,144302,1774,南-北,20
3,月亮湾大道,3,南山区,沿江高速,1443,东滨路,144303,846,南-北,20
3,月亮湾大道,3,南山区,东滨路,1443,桂庙路,144304,895,南-北,20
3,月亮湾大道,3,南山区,桂庙路,1443,学府路,144305,653,南-北,20
3,月亮湾大道,3,南山区,学府路,1443,桃园路,144306,410,南-北,20
3,月亮湾大道,3,南山区,桃园路,1443,宝安大道,144307,996,南-北,20
3,月亮湾大道,3,南山区,宝安大道,1443,北环大道,144308,912,南-北,20
3,月亮湾大道,3,南山区,北环大道,1444,宝安大道,144401,748,北-南,20
3,月亮湾大道,3,南山区,宝安大道,1444,桃园路,144402,1183,北-南,20
3,月亮湾大道,3,南山区,桃园路,1444,学府路,144403,410,北-南,20
3,月亮湾大道,3,南山区,学府路,1444,桂庙路,144404,641,北-南,20
3,月亮湾大道,3,南山区,桂庙路,1444,东滨路,144405,885,北-南,20
3,月亮湾大道,3,南山区,东滨路,1444,沿江高速,144406,1035,北-南,20
3,月亮湾大道,3,南山区,沿江高速,1444,兴海大道,144407,1597,北-南,20
3,月亮湾大道,3,南山区,兴海大道,1444,妈湾大道,144408,1700,北-南,20
3,宝安大道,3,南山区,深南大道,1453,前海路,145301,354,南-北,20
3,宝安大道,3,南山区,前海路,1453,月亮湾大道,145302,673,南-北,20
3,宝安大道,3,南山区,月亮湾大道,1453,湖滨中路,145303,930,南-北,20
3,宝安大道,5,宝安区,湖滨中路,1453,新安一路,145304,436,南-北,20
3,宝安大道,5,宝安区,新安一路,1453,兴华一路,145305,563,南-北,20
3,宝安大道,5,宝安区,兴华一路,1453,裕安一路,145306,1062,南-北,20
3,宝安大道,5,宝安区,裕安一路,1453,新安六路,145307,1159,南-北,20
3,宝安大道,5,宝安区,新安六路,1453,海城路,145308,821,南-北,20
3,宝安大道,5,宝安区,海城路,1453,西乡大道,145309,750,南-北,20
3,宝安大道,5,宝安区,西乡大道,1453,银田路,145310,1154,南-北,20
3,宝安大道,5,宝安区,银田路,1453,固戍一路,145311,1780,南-北,20
3,宝安大道,5,宝安区,固戍一路,1453,航城大道,145312,906,南-北,20
3,宝安大道,5,宝安区,航城大道,1453,疏港通道,145313,658,南-北,20
3,宝安大道,5,宝安区,疏港通道,1453,机场南路,145314,929,南-北,20
3,宝安大道,5,宝安区,机场南路,1453,兴华路(福永),145315,2819,南-北,20
3,宝安大道,5,宝安区,兴华路(福永),1453,机场道,145316,743,南-北,20
3,宝安大道,5,宝安区,机场道,1453,翠岗西路,145317,1973,南-北,20
3,宝安大道,5,宝安区,翠岗西路,1453,福永大道,145318,466,南-北,20
3,宝安大道,5,宝安区,福永大道,1453,永福路,145319,702,南-北,20
3,宝安大道,5,宝安区,永福路,1453,福海大道,145320,794,南-北,20
3,宝安大道,5,宝安区,福海大道,1453,重庆路,145321,909,南-北,20
3,宝安大道,5,宝安区,重庆路,1453,桥和路,145322,376,南-北,20
3,宝安大道,5,宝安区,桥和路,1453,凤塘大道,145323,1819,南-北,20
3,宝安大道,5,宝安区,凤塘大道,1453,南波大道,145324,777,南-北,20
3,宝安大道,5,宝安区,南波大道,1453,南环路,145325,750,南-北,20
3,宝安大道,5,宝安区,南环路,1453,新沙路(沙井),145326,1801,南-北,20
3,宝安大道,5,宝安区,新沙路(沙井),1453,北环路,145327,1750,南-北,20
3,宝安大道,5,宝安区,北环路,1453,新和大道,145328,679,南-北,20
3,宝安大道,5,宝安区,新和大道,1453,广深高速公路,145329,1383,南-北,20
3,宝安大道,5,宝安区,广深高速公路,1453,松明大道,145330,443,南-北,20
3,宝安大道,5,宝安区,松明大道,1453,沙江路,145331,792,南-北,20
3,宝安大道,5,宝安区,沙江路,1453,广深公路,145332,3268,南-北,20
3,宝安大道,5,宝安区,广深公路,1454,沙江路,145401,3291,北-南,20
3,宝安大道,5,宝安区,沙江路,1454,松明大道,145402,789,北-南,20
3,宝安大道,5,宝安区,松明大道,1454,广深高速公路,145403,485,北-南,20
3,宝安大道,5,宝安区,广深高速公路,1454,新和大道,145404,1331,北-南,20
3,宝安大道,5,宝安区,新和大道,1454,北环路,145405,678,北-南,20
3,宝安大道,5,宝安区,北环路,1454,新沙路(沙井),145406,1752,北-南,20
3,宝安大道,5,宝安区,新沙路(沙井),1454,南环路,145407,1802,北-南,20
3,宝安大道,5,宝安区,南环路,1454,南波大道,145408,764,北-南,20
3,宝安大道,5,宝安区,南波大道,1454,凤塘大道,145409,762,北-南,20
3,宝安大道,5,宝安区,凤塘大道,1454,桥和路,145410,1814,北-南,20
3,宝安大道,5,宝安区,桥和路,1454,重庆路,145411,388,北-南,20
3,宝安大道,5,宝安区,重庆路,1454,福海大道,145412,902,北-南,20
3,宝安大道,5,宝安区,福海大道,1454,永福路,145413,803,北-南,20
3,宝安大道,5,宝安区,永福路,1454,福永大道,145414,730,北-南,20
3,宝安大道,5,宝安区,福永大道,1454,翠岗西路,145415,446,北-南,20
3,宝安大道,5,宝安区,翠岗西路,1454,机场道,145416,1975,北-南,20
3,宝安大道,5,宝安区,机场道,1454,兴华路(福永),145417,747,北-南,20
3,宝安大道,5,宝安区,兴华路(福永),1454,机场南路,145418,3104,北-南,20
3,宝安大道,5,宝安区,机场南路,1454,疏港通道,145419,658,北-南,20
3,宝安大道,5,宝安区,疏港通道,1454,航城大道,145420,640,北-南,20
3,宝安大道,5,宝安区,航城大道,1454,固戍一路,145421,913,北-南,20
3,宝安大道,5,宝安区,固戍一路,1454,银田路,145422,1854,北-南,20
3,宝安大道,5,宝安区,银田路,1454,西乡大道,145423,1096,北-南,20
3,宝安大道,5,宝安区,西乡大道,1454,海城路,145424,746,北-南,20
3,宝安大道,5,宝安区,海城路,1454,新安六路,145425,825,北-南,20
3,宝安大道,5,宝安区,新安六路,1454,裕安一路,145426,1155,北-南,20
3,宝安大道,5,宝安区,裕安一路,1454,兴华一路,145427,1058,北-南,20
3,宝安大道,5,宝安区,兴华一路,1454,新安一路,145428,602,北-南,20
3,宝安大道,5,宝安区,新安一路,1454,湖滨中路,145429,518,北-南,20
3,宝安大道,3,南山区,湖滨中路,1454,月亮湾大道,145430,897,北-南,20
3,宝安大道,3,南山区,月亮湾大道,1454,前海路,145431,594,北-南,20
3,宝安大道,3,南山区,前海路,1454,深南大道,145432,274,北-南,20
3,沙河东路,3,南山区,滨海大道,1463,白石路,146301,924,南-北,20
3,洲石公路,5,宝安区,九围路,2403,黄布麻路,240305,2129,南-北,20
3,洲石公路,5,宝安区,黄布麻路,2403,南光高速公路,240306,2177,南-北,20
3,洲石公路,5,宝安区,南光高速公路,2403,塘头大道,240307,2862,南-北,20
3,洲石公路,5,宝安区,塘头大道,2403,松白路,240308,841,南-北,20
3,洲石公路,5,宝安区,松白路,2404,塘头大道,240401,858,北-南,20
3,洲石公路,5,宝安区,塘头大道,2404,南光高速公路,240402,2638,北-南,20
3,洲石公路,5,宝安区,南光高速公路,2404,黄布麻路,240403,2504,北-南,20
3,洲石公路,5,宝安区,黄布麻路,2404,九围路,240404,2053,北-南,20
3,洲石公路,5,宝安区,九围路,2404,机荷高速公路,240405,1460,北-南,20
3,洲石公路,5,宝安区,机荷高速公路,2404,广深高速公路,240406,1553,北-南,20
3,洲石公路,5,宝安区,广深高速公路,2404,前进二路,240407,606,北-南,20
3,洲石公路,5,宝安区,前进二路,2404,广深公路,240408,496,北-南,20
3,宝石路,5,宝安区,创业二路,2413,上川路,241301,407,南-北,20
3,宝石路,5,宝安区,上川路,2413,南光高速公路,241302,3219,南-北,20
3,宝石路,5,宝安区,南光高速公路,2413,松白路,241303,2842,南-北,20
3,宝石路,5,宝安区,松白路,2414,南光高速公路,241401,2867,北-南,20
3,宝石路,5,宝安区,南光高速公路,2414,上川路,241402,3205,北-南,20
3,宝石路,5,宝安区,上川路,2414,创业二路,241403,409,北-南,20
3,新和大道,5,宝安区,广深公路,2421,中心路（宝安）,242101,1898,东-西,20
3,新和大道,5,宝安区,中心路（宝安）,2421,宝安大道,242102,525,东-西,20
3,新和大道,5,宝安区,宝安大道,2421,大埔路,242103,665,东-西,20
3,新和大道,5,宝安区,大埔路,2421,环镇路,242104,481,东-西,20
3,新和大道,5,宝安区,环镇路,2421,沙井路,242105,557,东-西,20
3,新和大道,5,宝安区,沙井路,2421,西环路(沙井),242106,1863,东-西,20
3,新和大道,5,宝安区,西环路(沙井),2422,沙井路,242201,1879,西-东,20
3,新和大道,5,宝安区,沙井路,2422,环镇路,242202,546,西-东,20
3,新和大道,5,宝安区,环镇路,2422,大埔路,242203,483,西-东,20
3,新和大道,5,宝安区,大埔路,2422,宝安大道,242204,679,西-东,20
3,新和大道,5,宝安区,宝安大道,2422,中心路（宝安）,242205,514,西-东,20
3,新和大道,5,宝安区,中心路（宝安）,2422,广深公路,242206,1889,西-东,20
3,北环路,5,宝安区,广深公路,2431,中心路（宝安）,243104,2098,东-西,20
3,北环路,5,宝安区,中心路（宝安）,2431,宝安大道,243105,526,东-西,20
3,北环路,5,宝安区,宝安大道,2431,岗头路,243106,537,东-西,20
3,北环路,5,宝安区,岗头路,2431,环镇路,243107,720,东-西,20
3,北环路,5,宝安区,环镇路,2431,西环路(沙井),243108,1256,东-西,20
3,北环路,5,宝安区,西环路(沙井),2431,锦程路,243109,1720,东-西,20
3,北环路,5,宝安区,锦程路,2432,西环路(沙井),243201,1643,西-东,20
3,北环路,5,宝安区,西环路(沙井),2432,环镇路,243202,1256,西-东,20
3,北环路,5,宝安区,环镇路,2432,岗头路,243203,719,西-东,20
3,北环路,5,宝安区,岗头路,2432,宝安大道,243204,551,西-东,20
3,北环路,5,宝安区,宝安大道,2432,中心路（宝安）,243205,525,西-东,20
3,北环路,5,宝安区,中心路（宝安）,2432,广深公路,243206,2105,西-东,20
3,南环路,5,宝安区,广深公路,2441,中心路（宝安）,244101,694,东-西,20
3,南环路,5,宝安区,中心路（宝安）,2441,宝安大道,244102,1097,东-西,20
3,南环路,5,宝安区,宝安大道,2441,环镇路,244103,470,东-西,20
3,南环路,5,宝安区,环镇路,2441,沙井路,244104,743,东-西,20
3,南环路,5,宝安区,沙井路,2441,西环路(沙井),244105,519,东-西,20
3,南环路,5,宝安区,西环路(沙井),2441,松福大道,244106,797,东-西,20
3,南环路,5,宝安区,松福大道,2441,锦程路,244107,768,东-西,20
3,南环路,5,宝安区,锦程路,2442,松福大道,244201,784,西-东,20
3,南环路,5,宝安区,松福大道,2442,西环路(沙井),244202,786,西-东,20
3,南环路,5,宝安区,西环路(沙井),2442,沙井路,244203,517,西-东,20
3,南环路,5,宝安区,沙井路,2442,环镇路,244204,745,西-东,20
3,南环路,5,宝安区,环镇路,2442,宝安大道,244205,479,西-东,20
3,南环路,5,宝安区,宝安大道,2442,中心路（宝安）,244206,1097,西-东,20
3,南环路,5,宝安区,中心路（宝安）,2442,广深公路,244207,680,西-东,20
3,凤塘大道,5,宝安区,凤凰山大道,2451,大洋路,245101,750,东-西,20
3,凤塘大道,5,宝安区,大洋路,2451,宝安大道,245102,1096,东-西,20
3,凤塘大道,5,宝安区,宝安大道,2451,桥塘路,245103,1177,东-西,20
3,凤塘大道,5,宝安区,桥塘路,2451,永福路,245104,772,东-西,20
3,凤塘大道,5,宝安区,永福路,2451,松福大道,245105,975,东-西,20
3,凤塘大道,5,宝安区,松福大道,2451,沿江高速,245106,770,东-西,20
3,凤塘大道,5,宝安区,沿江高速,2452,松福大道,245201,1936,西-东,20
3,凤塘大道,5,宝安区,松福大道,2452,永福路,245202,970,西-东,20
3,凤塘大道,5,宝安区,永福路,2452,桥塘路,245203,768,西-东,20
3,凤塘大道,5,宝安区,桥塘路,2452,宝安大道,245204,1147,西-东,20
3,凤塘大道,5,宝安区,宝安大道,2452,大洋路,245205,1079,西-东,20
3,凤塘大道,5,宝安区,大洋路,2452,凤凰山大道,245206,763,西-东,20
3,福海大道,5,宝安区,广深公路,2461,政丰北路,246101,1045,东-西,20
3,福海大道,5,宝安区,政丰北路,2461,宝安大道,246102,690,东-西,20
3,福海大道,5,宝安区,宝安大道,2461,永福路,246103,436,东-西,20
3,福海大道,5,宝安区,永福路,2462,宝安大道,246201,419,西-东,20
3,福海大道,5,宝安区,宝安大道,2462,政丰北路,246202,707,西-东,20
3,福海大道,5,宝安区,政丰北路,2462,广深公路,246203,1045,西-东,20
3,永福路,5,宝安区,宝安大道,2473,福海大道,247301,919,南-北,20
3,永福路,5,宝安区,福海大道,2473,豪业路,247302,496,南-北,20
3,永福路,5,宝安区,豪业路,2473,重庆路,247303,468,南-北,20
3,永福路,5,宝安区,重庆路,2473,桥和路,247304,520,南-北,20
3,永福路,5,宝安区,桥和路,2473,荔园路(福永),247305,983,南-北,20
3,永福路,5,宝安区,荔园路(福永),2473,凤塘大道,247306,482,南-北,20
3,永福路,5,宝安区,凤塘大道,2473,兴业西路,247307,675,南-北,20
3,永福路,5,宝安区,兴业西路,2473,西环路(沙井),247308,551,南-北,20
3,永福路,5,宝安区,西环路(沙井),2474,兴业西路,247401,558,北-南,20
3,永福路,5,宝安区,兴业西路,2474,凤塘大道,247402,680,北-南,20
3,永福路,5,宝安区,凤塘大道,2474,荔园路(福永),247403,478,北-南,20
3,永福路,5,宝安区,荔园路(福永),2474,桥和路,247404,988,北-南,20
3,永福路,5,宝安区,桥和路,2474,重庆路,247405,577,北-南,20
3,永福路,5,宝安区,重庆路,2474,豪业路,247406,401,北-南,20
3,永福路,5,宝安区,豪业路,2474,福海大道,247407,486,北-南,20
3,永福路,5,宝安区,福海大道,2474,宝安大道,247408,942,北-南,20
3,宝源路,5,宝安区,新安六路,2483,海城路,248301,635,南-北,20
3,宝源路,5,宝安区,海城路,2483,西乡大道,248302,880,南-北,20
3,宝源路,5,宝安区,西乡大道,2483,银田路,248303,1082,南-北,20
3,宝源路,5,宝安区,银田路,2483,碧湾路,248304,1478,南-北,20
3,宝源路,5,宝安区,碧湾路,2483,文昌路,248305,733,南-北,20
3,宝源路,5,宝安区,文昌路,2483,航城大道,248306,1157,南-北,20
3,宝源路,5,宝安区,航城大道,2483,疏港通道,248307,662,南-北,20
3,宝源路,5,宝安区,疏港通道,2484,航城大道,248401,672,北-南,20
3,宝源路,5,宝安区,航城大道,2484,文昌路,248402,1179,北-南,20
3,宝源路,5,宝安区,文昌路,2484,碧湾路,248403,989,北-南,20
3,宝源路,5,宝安区,碧湾路,2484,银田路,248404,1293,北-南,20
3,宝源路,5,宝安区,银田路,2484,西乡大道,248405,1003,北-南,20
3,宝源路,5,宝安区,西乡大道,2484,海城路,248406,874,北-南,20
3,宝源路,5,宝安区,海城路,2484,新安六路,248407,625,北-南,20
3,新安六路,5,宝安区,宝安大道,2493,新湖路,249301,648,南-北,20
3,新安六路,5,宝安区,新湖路,2493,宝源路,249302,425,南-北,20
3,新安六路,5,宝安区,宝源路,2493,海宾大道,249303,1074,南-北,20
3,新安六路,5,宝安区,海宾大道,2494,宝源路,249401,1096,北-南,20
3,新安六路,5,宝安区,宝源路,2494,新湖路,249402,422,北-南,20
3,沙河东路,3,南山区,白石路,1463,深南大道,146302,967,南-北,20
3,沙河东路,3,南山区,深南大道,1463,香山西街,146303,1055,南-北,20
3,沙河东路,3,南山区,香山西街,1463,北环大道,146304,542,南-北,20
3,沙河东路,3,南山区,北环大道,1463,广深高速公路,146305,814,南-北,20
3,沙河东路,3,南山区,广深高速公路,1464,北环大道,146401,978,北-南,20
3,沙河东路,3,南山区,北环大道,1464,香山西街,146402,382,北-南,20
3,沙河东路,3,南山区,香山西街,1464,深南大道,146403,1068,北-南,20
3,沙河东路,3,南山区,深南大道,1464,白石路,146404,952,北-南,20
3,沙河东路,3,南山区,白石路,1464,滨海大道,146405,925,北-南,20
3,沙河西路,3,南山区,望海路,1473,滨海大道,147301,1747,南-北,20
3,沙河西路,3,南山区,滨海大道,1473,高新南十道,147302,656,南-北,20
3,沙河西路,3,南山区,高新南十道,1473,白石路,147303,766,南-北,20
3,沙河西路,3,南山区,白石路,1473,深南大道,147304,934,南-北,20
3,沙河西路,3,南山区,深南大道,1473,北环大道,147305,1138,南-北,20
3,沙河西路,3,南山区,北环大道,1473,广深高速公路,147306,976,南-北,20
3,沙河西路,3,南山区,广深高速公路,1473,茶光路,147307,975,南-北,20
3,沙河西路,3,南山区,茶光路,1473,留仙大道,147308,1350,南-北,20
3,沙河西路,3,南山区,留仙大道,1473,西丽路,147309,792,南-北,20
3,沙河西路,3,南山区,西丽路,1473,同发路,147310,1142,南-北,20
3,沙河西路,3,南山区,同发路,1473,同乐路,147311,1576,南-北,20
3,沙河西路,3,南山区,同乐路,1473,松白路,147312,2281,南-北,20
3,沙河西路,3,南山区,松白路,1474,同乐路,147401,2282,北-南,20
3,沙河西路,3,南山区,同乐路,1474,同发路,147402,1578,北-南,20
3,沙河西路,3,南山区,同发路,1474,西丽路,147403,1135,北-南,20
3,沙河西路,3,南山区,西丽路,1474,留仙大道,147404,793,北-南,20
3,沙河西路,3,南山区,留仙大道,1474,茶光路,147405,1351,北-南,20
3,沙河西路,3,南山区,茶光路,1474,广深高速公路,147406,877,北-南,20
3,沙河西路,3,南山区,广深高速公路,1474,北环大道,147407,1075,北-南,20
3,沙河西路,3,南山区,北环大道,1474,深南大道,147408,1367,北-南,20
3,沙河西路,3,南山区,深南大道,1474,白石路,147409,933,北-南,20
3,沙河西路,3,南山区,白石路,1474,高新南十道,147410,536,北-南,20
3,沙河西路,3,南山区,高新南十道,1474,滨海大道,147411,760,北-南,20
3,沙河西路,3,南山区,滨海大道,1474,望海路,147412,1751,北-南,20
3,南海大道,3,南山区,港湾大道,1483,工业三路,148301,1267,南-北,20
3,南海大道,3,南山区,工业三路,1483,工业六路,148302,727,南-北,20
3,南海大道,3,南山区,工业六路,1483,工业七路,148303,452,南-北,20
3,南海大道,3,南山区,工业七路,1483,工业八路,148304,414,南-北,20
3,南海大道,3,南山区,工业八路,1483,东滨路,148305,527,南-北,20
3,南海大道,3,南山区,东滨路,1483,登良路,148306,676,南-北,20
3,南海大道,3,南山区,登良路,1483,创业路(南山),148307,507,南-北,20
3,南海大道,3,南山区,创业路(南山),1483,滨海大道,148308,548,南-北,20
3,南海大道,3,南山区,滨海大道,1483,学府路,148309,799,南-北,20
3,南海大道,3,南山区,学府路,1483,桃园路,148310,997,南-北,20
3,南海大道,3,南山区,桃园路,1483,深南大道,148311,589,南-北,20
3,南海大道,3,南山区,深南大道,1483,高新中二道,148312,762,南-北,20
3,南海大道,3,南山区,高新中二道,1483,北环大道,148313,477,南-北,20
3,南海大道,3,南山区,北环大道,1483,朗山路,148314,684,南-北,20
3,南海大道,3,南山区,朗山路,1483,同乐路,148315,733,南-北,20
3,南海大道,3,南山区,同乐路,1484,朗山路,148401,819,北-南,20
3,南海大道,3,南山区,朗山路,1484,北环大道,148402,588,北-南,20
3,南海大道,3,南山区,北环大道,1484,高新中二道,148403,474,北-南,20
3,南海大道,3,南山区,高新中二道,1484,深南大道,148404,773,北-南,20
3,南海大道,3,南山区,深南大道,1484,桃园路,148405,549,北-南,20
3,南海大道,3,南山区,桃园路,1484,学府路,148406,1040,北-南,20
3,南海大道,3,南山区,学府路,1484,滨海大道,148407,775,北-南,20
3,南海大道,3,南山区,滨海大道,1484,创业路(南山),148408,579,北-南,20
3,南海大道,3,南山区,创业路(南山),1484,登良路,148409,497,北-南,20
3,南海大道,3,南山区,登良路,1484,东滨路,148410,675,北-南,20
3,南海大道,3,南山区,东滨路,1484,工业八路,148411,540,北-南,20
3,南海大道,3,南山区,工业八路,1484,工业七路,148412,402,北-南,20
3,南海大道,3,南山区,工业七路,1484,工业六路,148413,460,北-南,20
3,南海大道,3,南山区,工业六路,1484,工业三路,148414,717,北-南,20
3,南海大道,3,南山区,工业三路,1484,港湾大道,148415,1280,北-南,20
4,爱榕路,3,南山区,招商路,1493,工业八路,149301,879,南-北,15
4,爱榕路,3,南山区,工业八路,1493,沿江高速,149302,583,南-北,15
4,爱榕路,3,南山区,沿江高速,1494,工业八路,149401,583,北-南,15
4,爱榕路,3,南山区,工业八路,1494,招商路,149402,881,北-南,15
4,登良路,3,南山区,后海滨路,1501,后海大道,150101,540,东-西,15
4,登良路,3,南山区,后海大道,1501,南海大道,150102,664,东-西,15
4,登良路,3,南山区,南海大道,1501,南山大道,150103,882,东-西,15
4,登良路,3,南山区,南山大道,1501,南新路,150104,248,东-西,15
4,登良路,3,南山区,南新路,1502,南山大道,150201,248,西-东,15
4,登良路,3,南山区,南山大道,1502,南海大道,150202,882,西-东,15
4,登良路,3,南山区,南海大道,1502,后海大道,150203,664,西-东,15
4,登良路,3,南山区,后海大道,1502,后海滨路,150204,503,西-东,15
4,二号路,3,南山区,沙河西路,1511,同乐路,151101,2219,东-西,15
4,二号路,3,南山区,同乐路,1512,沙河西路,151201,2212,西-东,15
4,高新南十道,3,南山区,沙河西路,1521,科苑南路,152101,923,东-西,15
4,高新南十道,3,南山区,科苑南路,1522,沙河西路,152201,922,西-东,15
4,高新南四道,3,南山区,沙河西路,1531,科技南路,153101,750,东-西,15
4,高新南四道,3,南山区,科技南路,1531,科苑南路,153102,453,东-西,15
4,高新南四道,3,南山区,科苑南路,1532,科技南路,153201,453,西-东,15
4,高新南四道,3,南山区,科技南路,1532,沙河西路,153202,744,西-东,15
4,高新中二道,3,南山区,科苑路,1541,科技中二路,154101,695,东-西,15
4,高新中二道,3,南山区,科技中二路,1541,南海大道,154102,521,东-西,15
4,高新中二道,3,南山区,南海大道,1542,科技中二路,154201,521,西-东,15
4,高新中二道,3,南山区,科技中二路,1542,科苑路,154202,698,西-东,15
4,工业八路,3,南山区,科院南路（南侧）,1551,后海滨路,155101,624,东-西,15
4,工业八路,3,南山区,后海滨路,1551,后海大道,155102,493,东-西,15
4,工业八路,3,南山区,后海大道,1551,公园路(南山),155103,860,东-西,15
4,工业八路,3,南山区,公园路(南山),1551,南海大道,155104,534,东-西,15
4,工业八路,3,南山区,南海大道,1552,公园路(南山),155201,543,西-东,15
4,工业八路,3,南山区,公园路(南山),1552,后海大道,155202,849,西-东,15
4,工业八路,3,南山区,后海大道,1552,后海滨路,155203,489,西-东,15
4,工业八路,3,南山区,后海滨路,1552,科院南路（南侧）,155204,641,西-东,15
4,工业六路,3,南山区,水湾路,1561,南海大道,156101,321,东-西,15
4,工业六路,3,南山区,南海大道,1562,水湾路,156201,316,西-东,15
4,工业三路,3,南山区,太子路,1571,沿山路,157101,322,东-西,15
4,工业三路,3,南山区,沿山路,1572,太子路,157201,321,西-东,15
4,海德二道,3,南山区,后海滨路,1581,后海大道,158101,747,东-西,15
4,海德二道,3,南山区,后海大道,1581,南海大道,158102,437,东-西,15
4,海德二道,3,南山区,南海大道,1581,南山大道,158103,616,东-西,15
4,海德二道,3,南山区,南山大道,1581,南新路,158104,377,东-西,15
4,海德二道,3,南山区,南新路,1582,南山大道,158201,376,西-东,15
4,海德二道,3,南山区,南山大道,1582,南海大道,158202,616,西-东,15
4,海德二道,3,南山区,南海大道,1582,后海大道,158203,437,西-东,15
4,海德二道,3,南山区,后海大道,1582,后海滨路,158204,747,西-东,15
4,后海滨路,3,南山区,望海路,1593,工业七路,159301,768,南-北,15
4,后海滨路,3,南山区,工业七路,1593,工业八路,159302,470,南-北,15
4,后海滨路,3,南山区,工业八路,1593,东滨路,159303,536,南-北,15
4,后海滨路,3,南山区,东滨路,1593,登良路,159304,545,南-北,15
4,后海滨路,3,南山区,登良路,1593,创业路(南山),159305,418,南-北,15
4,后海滨路,3,南山区,创业路(南山),1593,滨海大道,159306,651,南-北,15
4,后海滨路,3,南山区,滨海大道,1594,创业路(南山),159401,634,北-南,15
4,后海滨路,3,南山区,创业路(南山),1594,登良路,159402,463,北-南,15
4,后海滨路,3,南山区,登良路,1594,东滨路,159403,533,北-南,15
4,后海滨路,3,南山区,东滨路,1594,工业八路,159404,520,北-南,15
4,后海滨路,3,南山区,工业八路,1594,工业七路,159405,472,北-南,15
4,后海滨路,3,南山区,工业七路,1594,望海路,159406,769,北-南,15
4,科华路,3,南山区,青梧路,1601,科苑路,160101,490,东-西,15
4,科华路,3,南山区,科苑路,1602,青梧路,160201,490,西-东,15
4,科技南路,3,南山区,滨海大道,1613,高新南十道,161301,581,南-北,15
4,科技南路,3,南山区,高新南十道,1613,白石路,161302,631,南-北,15
4,科技南路,3,南山区,白石路,1613,深南大道,161303,814,南-北,15
4,科技南路,3,南山区,深南大道,1614,白石路,161401,801,北-南,15
4,科技南路,3,南山区,白石路,1614,高新南十道,161402,635,北-南,15
4,科技南路,3,南山区,高新南十道,1614,滨海大道,161403,589,北-南,15
4,科技南十路,3,南山区,高新南四道,1623,深南大道,162301,447,南-北,15
4,科技南十路,3,南山区,深南大道,1624,高新南四道,162401,444,北-南,15
4,科技中二路,3,南山区,深南大道,1633,高新中二道,163301,713,南-北,15
4,科技中二路,3,南山区,高新中二道,1633,北环大道,163302,640,南-北,15
4,科技中二路,3,南山区,北环大道,1634,高新中二道,163401,640,北-南,15
4,科技中二路,3,南山区,高新中二道,1634,深南大道,163402,713,北-南,15
4,朗山二号路,3,南山区,北环大道,1643,广深高速公路,164301,977,南-北,15
4,朗山二号路,3,南山区,广深高速公路,1644,北环大道,164401,977,北-南,15
4,朗山路,3,南山区,沙河西路,1651,松坪山路,165101,607,东-西,15
4,朗山路,3,南山区,松坪山路,1651,科苑路,165102,674,东-西,15
4,朗山路,3,南山区,科苑路,1651,朗山二号路,165103,669,东-西,15
4,朗山路,3,南山区,朗山二号路,1651,南海大道,165104,507,东-西,15
4,朗山路,3,南山区,南海大道,1652,朗山二号路,165201,514,西-东,15
4,朗山路,3,南山区,朗山二号路,1652,科苑路,165202,662,西-东,15
4,朗山路,3,南山区,科苑路,1652,松坪山路,165203,671,西-东,15
4,朗山路,3,南山区,松坪山路,1652,沙河西路,165204,606,西-东,15
4,丽水路,3,南山区,留仙大道,1661,学苑大道,166101,675,东-西,15
4,丽水路,3,南山区,学苑大道,1661,西丽路,166102,2346,东-西,15
4,丽水路,3,南山区,西丽路,1662,学苑大道,166201,2338,西-东,15
4,丽水路,3,南山区,学苑大道,1662,留仙大道,166202,676,西-东,15
4,龙井路,3,南山区,龙珠八路,1671,龙珠四路,167101,1280,东-西,15
4,龙井路,3,南山区,龙珠四路,1671, 龙珠三路,167102,720,东-西,15
4,龙井路,3,南山区,龙珠三路,1671,龙珠大道,167103,1620,东-西,15
4,龙井路,3,南山区,龙珠大道,1672, 龙珠三路,167201,1631,西-东,15
4,龙井路,3,南山区,龙珠三路,1672,龙珠四路,167202,720,西-东,15
4,龙井路,3,南山区,龙珠四路,1672,龙珠八路,167203,1279,西-东,15
4,南光路,3,南山区,东滨路,1693,登良路,169301,639,南-北,15
4,南光路,3,南山区,登良路,1693,创业路(南山),169302,395,南-北,15
4,南光路,3,南山区,创业路(南山),1693,滨海大道,169303,811,南-北,15
4,南光路,3,南山区,滨海大道,1693,学府路,169304,383,南-北,15
4,南光路,3,南山区,学府路,1693,桃园路,169305,623,南-北,15
4,南光路,3,南山区,桃园路,1693,深南大道,169306,819,南-北,15
4,南光路,3,南山区,深南大道,1694,桃园路,169401,821,北-南,15
4,南光路,3,南山区,桃园路,1694,学府路,169402,623,北-南,15
4,南光路,3,南山区,学府路,1694,滨海大道,169403,400,北-南,15
4,南光路,3,南山区,滨海大道,1694,创业路(南山),169404,811,北-南,15
4,南光路,3,南山区,创业路(南山),1694,登良路,169405,395,北-南,15
4,南光路,3,南山区,登良路,1694,东滨路,169406,639,北-南,15
3,盐梅路,4,盐田区,盐坝高速(小梅沙收费站),1701,环梅路,170101,3571,东-西,20
3,盐梅路,4,盐田区,环梅路,1701,北山道,170102,4615,东-西,20
3,盐梅路,4,盐田区,北山道,1702,环梅路,170201,4536,西-东,20
3,盐梅路,4,盐田区,环梅路,1702,盐坝高速(小梅沙收费站),170202,3570,西-东,20
4,南头街,3,南山区,南光路,1721,南山大道,172101,295,东-西,15
4,南头街,3,南山区,南山大道,1721,南新路,172102,511,东-西,15
4,南头街,3,南山区,南新路,1721,前海路,172103,467,东-西,15
4,南头街,3,南山区,前海路,1722,南新路,172201,466,西-东,15
4,南头街,3,南山区,南新路,1722,南山大道,172202,514,西-东,15
4,南头街,3,南山区,南山大道,1722,南光路,172203,295,西-东,15
4,南新路,3,南山区,东滨路,1733,登良路,173301,730,南-北,15
4,南新路,3,南山区,登良路,1733,海德二道,173302,644,南-北,15
4,南新路,3,南山区,海德二道,1733,学府路,173303,687,南-北,15
4,南新路,3,南山区,学府路,1733,桃园路,173304,531,南-北,15
4,南新路,3,南山区,桃园路,1733,深南大道,173305,833,南-北,15
4,南新路,3,南山区,深南大道,1734,桃园路,173401,835,北-南,15
4,南新路,3,南山区,桃园路,1734,学府路,173402,530,北-南,15
4,南新路,3,南山区,学府路,1734,海德二道,173403,771,北-南,15
4,南新路,3,南山区,海德二道,1734,登良路,173404,554,北-南,15
4,南新路,3,南山区,登良路,1734,东滨路,173405,737,北-南,15
4,青梧路,3,南山区,文华路,1741,科华路,174101,287,东-西,15
4,青梧路,3,南山区,科华路,1742,文华路,174201,287,西-东,15
4,深湾四路,3,南山区,滨海大道,1753,白石路,175301,635,南-北,15
4,深湾四路,3,南山区,白石路,1754,滨海大道,175401,771,北-南,15
4,深湾五路,3,南山区,滨海大道,1763,白石路,176301,654,南-北,15
4,深湾五路,3,南山区,白石路,1764,滨海大道,176401,688,北-南,15
4,水湾路,3,南山区,招商路,1773,工业六路,177301,179,南-北,15
4,水湾路,3,南山区,工业六路,1774,招商路,177401,173,北-南,15
4,松坪山路,3,南山区,北环大道,1783,广深高速公路,178301,871,南-北,15
4,松坪山路,3,南山区,广深高速公路,1784,北环大道,178401,873,北-南,15
4,太子路,3,南山区,雨水路,1791,工业三路,179101,506,东-西,15
4,太子路,3,南山区,工业三路,1792,雨水路,179201,498,西-东,15
4,塘长路,3,南山区,留仙大道,1801,学苑大道,180101,2061,东-西,15
4,塘长路,3,南山区,学苑大道,1802,留仙大道,180201,1849,西-东,15
4,同安路,3,南山区,南山大道,1811,边检路,181101,901,东-西,15
4,同安路,3,南山区,边检路,1812,南山大道,181201,901,西-东,15
4,同发路,3,南山区,留仙大道,1823,沙河西路,182301,1523,南-北,15
4,同发路,3,南山区,沙河西路,1824,留仙大道,182401,1530,北-南,15
4,铜鼓路,3,南山区,深南大道,1833,文华路,183301,821,南-北,15
4,铜鼓路,3,南山区,文华路,1833,北环大道,183302,550,南-北,15
4,铜鼓路,3,南山区,北环大道,1834,文华路,183401,559,北-南,15
4,铜鼓路,3,南山区,文华路,1834,深南大道,183402,820,北-南,15
4,文华路,3,南山区,铜鼓路,1841,青梧路,184101,299,东-西,15
4,文华路,3,南山区,青梧路,1842,铜鼓路,184201,299,西-东,15
4,文心二路,3,南山区,创业路(南山),1853,滨海大道,185301,803,南-北,15
4,文心二路,3,南山区,滨海大道,1854,创业路(南山),185401,805,北-南,15
4,西丽路,3,南山区,丽水路,1861,沙河西路,186101,1076,东-西,15
4,西丽路,3,南山区,沙河西路,1862,丽水路,186201,1088,西-东,15
4,香山西街,3,南山区,侨香路,1871,沙河东路,187101,1551,东-西,15
4,香山西街,3,南山区,沙河东路,1872,侨香路,187201,1553,西-东,15
4,新湖路,5,宝安区,新安一路,1883,甲岸路,188301,810,南-北,15
4,新湖路,5,宝安区,甲岸路,1883,创业一路,188302,821,南-北,15
4,新湖路,5,宝安区,创业一路,1883,裕安一路,188303,557,南-北,15
4,新湖路,5,宝安区,裕安一路,1883,新安六路,188304,1115,南-北,15
4,新湖路,5,宝安区,新安六路,1883,海城路,188305,700,南-北,15
4,新湖路,5,宝安区,海城路,1883,西乡大道,188306,858,南-北,15
4,新湖路,5,宝安区,西乡大道,1883,银田路,188307,998,南-北,15
4,新湖路,5,宝安区,银田路,1884,西乡大道,188401,999,北-南,15
4,新湖路,5,宝安区,西乡大道,1884,海城路,188402,858,北-南,15
4,新湖路,5,宝安区,海城路,1884,新安六路,188403,698,北-南,15
4,新湖路,5,宝安区,新安六路,1884,裕安一路,188404,1115,北-南,15
4,新湖路,5,宝安区,裕安一路,1884,创业一路,188405,543,北-南,15
4,新湖路,5,宝安区,创业一路,1884,甲岸路,188406,772,北-南,15
4,新湖路,5,宝安区,甲岸路,1884,新安一路,188407,871,北-南,15
4,学府路,3,南山区,科苑南路,1891,白石路,189101,1161,东-西,15
4,学府路,3,南山区,白石路,1891,南海大道,189102,662,东-西,15
4,学府路,3,南山区,南海大道,1891,南山大道,189103,515,东-西,15
4,学府路,3,南山区,南山大道,1891,南新路,189104,596,东-西,15
4,学府路,3,南山区,南新路,1891,前海路,189105,353,东-西,15
4,学府路,3,南山区,前海路,1891,月亮湾大道,189106,568,东-西,15
4,学府路,3,南山区,月亮湾大道,1892,前海路,189201,566,西-东,15
4,学府路,3,南山区,前海路,1892,南新路,189202,354,西-东,15
4,学府路,3,南山区,南新路,1892,南山大道,189203,607,西-东,15
4,学府路,3,南山区,南山大道,1892,南海大道,189204,508,西-东,15
4,学府路,3,南山区,南海大道,1892,白石路,189205,645,西-东,15
4,学府路,3,南山区,白石路,1892,科苑南路,189206,1165,西-东,15
4,学苑大道,3,南山区,塘长路,1901,丽水路,190101,1085,东-西,15
4,学苑大道,3,南山区,丽水路,1901,留仙大道,190102,2974,东-西,15
4,学苑大道,3,南山区,留仙大道,1902,丽水路,190201,2960,西-东,15
4,学苑大道,3,南山区,丽水路,1902,塘长路,190202,1082,西-东,15
4,沿山路,3,南山区,工业八路,1913,南山公园,191301,1688,南-北,15
4,沿山路,3,南山区,南山公园,1914,工业八路,191401,1691,北-南,15
4,艺园路,3,南山区,玉泉路,1923,北环大道,192301,658,南-北,15
4,艺园路,3,南山区,北环大道,1924,玉泉路,192401,659,北-南,15
4,雨水路,3,南山区,公园南路(南山),1931,太子路,193101,417,东-西,15
4,雨水路,3,南山区,太子路,1932,公园南路(南山),193201,417,西-东,15
4,玉泉路,3,南山区,南海大道,1941,南山大道,194101,1032,东-西,15
4,玉泉路,3,南山区,南山大道,1942,南海大道,194201,1031,西-东,15
4,招商东路,3,南山区,科院南路（南侧）,1951,后海大道,195101,949,东-西,15
4,招商东路,3,南山区,后海大道,1952,科院南路（南侧）,195201,952,西-东,15
4,招商路,3,南山区,爱榕路,1961,水湾路,196101,1051,东-西,15
4,招商路,3,南山区,水湾路,1962,爱榕路,196201,1049,西-东,15
4,中山园路,3,南山区,茶光路,1971,广深高速公路,197101,1057,东-西,15
4,中山园路,3,南山区,广深高速公路,1971,南山大道,197102,1238,东-西,15
4,中山园路,3,南山区,南山大道,1972,广深高速公路,197201,1203,西-东,15
4,中山园路,3,南山区,广深高速公路,1972,茶光路,197202,1054,西-东,15
4,珠光北路,3,南山区,珠光南路,1983,留仙大道,198301,673,南-北,15
4,珠光北路,3,南山区,留仙大道,1984,珠光南路,198401,668,北-南,15
4,珠光南路,3,南山区,珠光北路,1993,龙珠大道,199301,832,南-北,15
4,珠光南路,3,南山区,龙珠大道,1994,珠光北路,199401,832,北-南,15
3,洪安路,4,盐田区,北山道,2011,东海道,201101,401,东-西,20
3,洪安路,4,盐田区,东海道,2011,明珠大道,201102,415,东-西,20
3,洪安路,4,盐田区,明珠大道,2012,东海道,201201,414,西-东,20
3,洪安路,4,盐田区,东海道,2012,北山道,201202,401,西-东,20
3,深葵路,10,大鹏新区,坪葵路,2021,盐坝高速(土洋收费站),202101,3005,东-西,20
3,深葵路,10,大鹏新区,盐坝高速(土洋收费站),2021,盐坝高速(溪涌收费站),202102,5443,东-西,20
3,深葵路,4,盐田区,盐坝高速(溪涌收费站),2021,盐坝高速(小梅沙收费站),202103,4683,东-西,20
3,深葵路,4,盐田区,盐坝高速(小梅沙收费站),2022,盐坝高速(溪涌收费站),202203,4683,西-东,20
3,深葵路,10,大鹏新区,盐坝高速(溪涌收费站),2022,盐坝高速(土洋收费站),202204,5443,西-东,20
3,深葵路,10,大鹏新区,盐坝高速(土洋收费站),2022,坪葵路,202205,3005,西-东,20
3,三六零省道,10,大鹏新区,坪西路,2031,葵鹏路,203101,842,东-西,20
3,三六零省道,10,大鹏新区,葵鹏路,2032,坪西路,203201,1018,西-东,20
3,永安路,4,盐田区,北山道,2041,东海道,204101,361,东-西,20
3,永安路,4,盐田区,东海道,2041,明珠大道,204102,331,东-西,20
3,永安路,4,盐田区,明珠大道,2041,盐排高速,204103,598,东-西,20
3,永安路,4,盐田区,盐排高速,2042,明珠大道,204201,593,西-东,20
3,永安路,4,盐田区,明珠大道,2042,东海道,204202,331,西-东,20
3,永安路,4,盐田区,东海道,2042,北山道,204203,369,西-东,20
3,盐田路,4,盐田区,北山道,2051,东海道,205101,346,东-西,20
3,盐田路,4,盐田区,东海道,2051,明珠大道,205102,482,东-西,20
3,盐田路,4,盐田区,明珠大道,2051,盐排高速,205103,930,东-西,20
3,盐田路,4,盐田区,盐排高速,2052,明珠大道,205201,930,西-东,20
3,盐田路,4,盐田区,明珠大道,2052,东海道,205202,484,西-东,20
3,盐田路,4,盐田区,东海道,2052,北山道,205203,355,西-东,20
3,明珠大道,4,盐田区,盐排高速,2063,洪安路,206301,453,南-北,20
3,明珠大道,4,盐田区,洪安路,2063,盐田路,206302,829,南-北,20
3,明珠大道,4,盐田区,盐田路,2063,永安路,206303,812,南-北,20
3,明珠大道,4,盐田区,永安路,2064,盐田路,206401,804,北-南,20
3,明珠大道,4,盐田区,盐田路,2064,洪安路,206402,652,北-南,20
3,明珠大道,4,盐田区,洪安路,2064,东海道,206403,615,北-南,20
3,北山道,4,盐田区,海鲜街,2073,盐坝高速,207301,806,南-北,20
3,北山道,4,盐田区,盐坝高速,2073,洪安路,207302,764,南-北,20
3,北山道,4,盐田区,洪安路,2073,盐田路,207303,670,南-北,20
3,北山道,4,盐田区,盐田路,2073,永安路,207304,807,南-北,20
3,北山道,4,盐田区,永安路,2074,盐田路,207401,798,北-南,20
3,北山道,4,盐田区,盐田路,2074,洪安路,207402,675,北-南,20
3,北山道,4,盐田区,洪安路,2074,盐坝高速,207403,867,北-南,20
3,北山道,4,盐田区,盐坝高速,2074,海鲜街,207404,711,北-南,20
3,深盐路,4,盐田区,东海道,2081,明珠大道,208101,548,东-西,20
3,深盐路,4,盐田区,明珠大道,2081,盐排高速,208102,1300,东-西,20
3,深盐路,4,盐田区,盐排高速,2081,梧桐路,208103,1335,东-西,20
3,深盐路,4,盐田区,梧桐路,2081,海山路,208104,1139,东-西,20
3,深盐路,4,盐田区,海山路,2081,沙盐路,208105,631,东-西,20
3,深盐路,4,盐田区,沙盐路,2081,沙深路,208106,1100,东-西,20
3,深盐路,4,盐田区,沙深路,2082,沙盐路,208201,1087,西-东,20
3,深盐路,4,盐田区,沙盐路,2082,海山路,208202,640,西-东,20
3,深盐路,4,盐田区,海山路,2082,梧桐路,208203,1137,西-东,20
3,深盐路,4,盐田区,梧桐路,2082,盐排高速,208204,1345,西-东,20
3,深盐路,4,盐田区,盐排高速,2082,明珠大道,208205,1570,西-东,20
3,深盐路,4,盐田区,明珠大道,2082,东海道,208206,281,西-东,20
4,海景二路,4,盐田区,海涛路,2103,临海路,210301,2240,南-北,15
4,海景二路,4,盐田区,临海路,2104,海涛路,210401,2246,北-南,15
4,锦绣中路,8,坪山区,锦绣东路,2111,兰景路,211101,1718,东-西,15
4,锦绣中路,8,坪山区,兰景路,2112,锦绣东路,211201,1719,西-东,15
4,海涛路,4,盐田区,沙深路,2123,深盐路,212301,1054,南-北,15
4,海涛路,4,盐田区,深盐路,2124,沙深路,212401,1054,北-南,15
4,金融路,4,盐田区,海景二路,2131,公园路(盐田),213101,919,东-西,15
4,金融路,4,盐田区,公园路(盐田),2132,海景二路,213201,919,西-东,15
3,爱群路,5,宝安区,松白路,2163,石岩北环路,216301,1813,南-北,20
3,爱群路,5,宝安区,石岩北环路,2164,松白路,216401,1810,北-南,20
4,宝石东路,5,宝安区,石观路,2171,吉祥路(石岩),217101,1215,东-西,15
4,宝石东路,5,宝安区,吉祥路(石岩),2171,田心大道,217102,366,东-西,15
4,宝石东路,5,宝安区,田心大道,2171,宝石南路,217103,403,东-西,15
4,宝石东路,5,宝安区,宝石南路,2172,田心大道,217201,410,西-东,15
4,宝石东路,5,宝安区,田心大道,2172,吉祥路(石岩),217202,367,西-东,15
4,宝石东路,5,宝安区,吉祥路(石岩),2172,石观路,217203,1228,西-东,15
4,宝石西路,5,宝安区,宝石南路,2181,松白路,218101,841,东-西,15
4,宝石西路,5,宝安区,松白路,2182,宝石南路,218201,838,西-东,15
3,宝源南路,5,宝安区,裕安路,2193,罗田路,219301,383,南-北,20
3,宝源南路,5,宝安区,罗田路,2193,新安六路,219302,738,南-北,20
3,宝源南路,5,宝安区,新安六路,2194,罗田路,219401,737,北-南,20
3,宝源南路,5,宝安区,罗田路,2194,裕安路,219402,383,北-南,20
3,凤凰山大道,5,宝安区,福凤路,2201,广深高速公路,220101,703,东-西,20
3,凤凰山大道,5,宝安区,广深高速公路,2201,广深公路,220102,1041,东-西,20
3,凤凰山大道,5,宝安区,广深公路,2202,广深高速公路,220201,1169,西-东,20
3,凤凰山大道,5,宝安区,广深高速公路,2202,福凤路,220202,550,西-东,20
3,福洲大道（福永）,5,宝安区,福海大道,2211,同富路(福永),221101,421,东-西,20
3,福洲大道（福永）,5,宝安区,同富路(福永),2211,永和路,221102,474,东-西,20
3,福洲大道（福永）,5,宝安区,永和路,2211,松福大道,221103,510,东-西,20
3,福洲大道（福永）,5,宝安区,松福大道,2211,福园一路,221104,935,东-西,20
3,福洲大道（福永）,5,宝安区,福园一路,2212,松福大道,221202,950,西-东,20
3,福洲大道（福永）,5,宝安区,松福大道,2212,永和路,221203,495,西-东,20
3,福洲大道（福永）,5,宝安区,永和路,2212,同富路(福永),221204,448,西-东,20
3,福洲大道（福永）,5,宝安区,同富路(福永),2212,福海大道,221205,446,西-东,20
3,观天路,9,龙华区,环观南路,2221,东湖路(观澜),222101,1835,东-西,20
3,观天路,9,龙华区,东湖路(观澜),2221,高尔夫大道,222102,877,东-西,20
3,观天路,9,龙华区,高尔夫大道,2222,东湖路(观澜),222201,879,西-东,20
3,观天路,9,龙华区,东湖路(观澜),2222,环观南路,222202,1869,西-东,20
3,海宾大道,5,宝安区,辅三路,2233,海城路,223301,601,南-北,20
3,海宾大道,5,宝安区,海城路,2233,西乡大道,223302,913,南-北,20
3,海宾大道,5,宝安区,西乡大道,2234,海城路,223401,917,北-南,20
3,海宾大道,5,宝安区,海城路,2234,辅三路,223402,624,北-南,20
3,和沙路,5,宝安区,凤塘大道,2243,建安路,224301,404,南-北,20
3,和沙路,5,宝安区,建安路,2243,兴业西路,224302,283,南-北,20
3,和沙路,5,宝安区,兴业西路,2244,建安路,224401,287,北-南,20
3,和沙路,5,宝安区,建安路,2244,凤塘大道,224402,405,北-南,20
3,机场道,5,宝安区,广深高速公路,2251,广深公路,225101,568,东-西,20
3,机场道,5,宝安区,广深公路,2251,宝安大道,225102,811,东-西,20
3,机场道,5,宝安区,宝安大道,2252,广深公路,225201,894,西-东,20
3,机场道,5,宝安区,广深公路,2252,广深高速公路,225202,480,西-东,20
3,金湾大道,5,宝安区,辅三路,2263,沿江高速,226301,4196,南-北,20
3,金湾大道,5,宝安区,沿江高速,2263,疏港通道,226302,2421,南-北,20
3,金湾大道,5,宝安区,疏港通道,2264,沿江高速,226401,1931,北-南,20
3,金湾大道,5,宝安区,沿江高速,2264,辅三路,226402,4730,北-南,20
3,沙井路,5,宝安区,兴业西路,2273,南环路,227301,1239,南-北,20
3,沙井路,5,宝安区,南环路,2273,金沙二路,227302,526,南-北,20
3,沙井路,5,宝安区,金沙二路,2273,新沙路(沙井),227303,1038,南-北,20
3,沙井路,5,宝安区,新和大道,2273,广深高速公路,227304,774,南-北,20
3,沙井路,5,宝安区,广深高速公路,2274,新和大道,227401,791,北-南,20
3,沙井路,5,宝安区,新沙路(沙井),2274,金沙二路,227402,1041,北-南,20
3,沙井路,5,宝安区,金沙二路,2274,南环路,227403,526,北-南,20
3,沙井路,5,宝安区,南环路,2274,兴业西路,227404,1241,北-南,20
3,石岩北环路,5,宝安区,石观路,2281,田心大道,228101,1571,东-西,20
3,石岩北环路,5,宝安区,田心大道,2281,爱群路,228102,1102,东-西,20
3,石岩北环路,5,宝安区,爱群路,2281,石岩外环路,228103,929,东-西,20
3,石岩北环路,5,宝安区,石岩外环路,2281,松白路,228104,598,东-西,20
3,石岩北环路,5,宝安区,松白路,2282,石岩外环路,228201,626,西-东,20
3,石岩北环路,5,宝安区,石岩外环路,2282,爱群路,228202,901,西-东,20
3,石岩北环路,5,宝安区,爱群路,2282,田心大道,228203,1095,西-东,20
3,石岩北环路,5,宝安区,田心大道,2282,石观路,228204,1563,西-东,20
3,疏港通道,5,宝安区,宝安大道,2291,宝源路,229101,1377,东-西,20
3,疏港通道,5,宝安区,宝源路,2292,宝安大道,229201,1387,西-东,20
3,清富路,9,龙华区,布龙路,2303,工业路,230301,718,南-北,20
3,清富路,9,龙华区,工业路,2304,布龙路,230401,717,北-南,20
3,田园路,5,宝安区,芙蓉路,2323,华美路,232301,657,南-北,20
3,田园路,5,宝安区,华美路,2323,东方大道,232302,811,南-北,20
3,田园路,5,宝安区,东方大道,2323,楼岗大道,232303,854,南-北,20
3,田园路,5,宝安区,楼岗大道,2324,东方大道,232401,859,北-南,20
3,田园路,5,宝安区,东方大道,2324,华美路,232402,812,北-南,20
3,田园路,5,宝安区,华美路,2324,芙蓉路,232403,650,北-南,20
3,新安三路,5,宝安区,洪浪北路,2333,创业二路,233301,457,南-北,20
3,新安三路,5,宝安区,创业二路,2333,裕安二路,233302,507,南-北,20
3,新安三路,5,宝安区,裕安二路,2333,上川路,233303,536,南-北,20
3,新安三路,5,宝安区,上川路,2334,裕安二路,233401,544,北-南,20
3,新安三路,5,宝安区,裕安二路,2334,创业二路,233402,509,北-南,20
3,新安三路,5,宝安区,创业二路,2334,洪浪北路,233403,445,北-南,20
3,新安西路,5,宝安区,新湖路,2341,海天路,234101,545,东-西,20
3,新安西路,5,宝安区,海天路,2342,新湖路,234201,543,西-东,20
3,广田路,5,宝安区,龙大高速公路,2351,朝阳路,235101,2304,东-西,20
3,广田路,5,宝安区,朝阳路,2351,红湖路,235102,576,东-西,20
3,广田路,5,宝安区,红湖路,2351,松罗路,235103,604,东-西,20
3,广田路,5,宝安区,松罗路,2351,众福路,235104,1802,东-西,20
3,广田路,5,宝安区,众福路,2351,广深公路,235105,925,东-西,20
3,广田路,5,宝安区,广深公路,2352,众福路,235201,931,西-东,20
3,广田路,5,宝安区,众福路,2352,松罗路,235202,1793,西-东,20
3,广田路,5,宝安区,松罗路,2352,红湖路,235203,605,西-东,20
3,广田路,5,宝安区,红湖路,2352,朝阳路,235204,570,西-东,20
3,广田路,5,宝安区,朝阳路,2352,龙大高速公路,235205,2316,西-东,20
3,宝石南路,5,宝安区,松白路,2373,洲石公路,237301,287,南-北,20
3,宝石南路,5,宝安区,洲石公路,2373,罗租路,237302,719,南-北,20
3,宝石南路,5,宝安区,罗租路,2373,河滨南路,237303,468,南-北,20
3,宝石南路,5,宝安区,河滨南路,2373,宝石西路,237304,266,南-北,20
3,宝石南路,5,宝安区,宝石西路,2374,河滨南路,237401,325,北-南,20
3,宝石南路,5,宝安区,河滨南路,2374,罗租路,237402,409,北-南,20
3,宝石南路,5,宝安区,罗租路,2374,洲石公路,237403,720,北-南,20
3,宝石南路,5,宝安区,洲石公路,2374,松白路,237404,269,北-南,20
3,石观路,5,宝安区,龙大高速公路,2381,机荷高速公路,238101,744,东-西,20
3,石观路,5,宝安区,机荷高速公路,2381,石龙大道,238102,337,东-西,20
3,石观路,5,宝安区,石龙大道,2381,长城路,238103,965,东-西,20
3,石观路,5,宝安区,长城路,2381,石岩北环路,238104,521,东-西,20
3,石观路,5,宝安区,石岩北环路,2382,长城路,238201,519,西-东,20
3,石观路,5,宝安区,长城路,2382,石龙大道,238202,1011,西-东,20
3,石观路,5,宝安区,石龙大道,2382,机荷高速公路,238203,526,西-东,20
3,石观路,5,宝安区,机荷高速公路,2382,龙大高速公路,238204,499,西-东,20
3,松明大道,5,宝安区,广深公路,2391,红星大道,239101,556,东-西,20
3,松明大道,5,宝安区,红星大道,2391,松瑞路,239102,476,东-西,20
3,松明大道,5,宝安区,松瑞路,2391,宝安大道,239103,635,东-西,20
3,松明大道,5,宝安区,宝安大道,2392,红星大道,239201,649,西-东,20
3,松明大道,5,宝安区,松瑞路,2392,松瑞路,239202,467,西-东,20
3,松明大道,5,宝安区,红星大道,2392,宝安大道,239203,563,西-东,20
3,洲石公路,5,宝安区,广深公路,2403,前进二路,240301,494,南-北,20
3,洲石公路,5,宝安区,前进二路,2403,广深高速公路,240302,665,南-北,20
3,洲石公路,5,宝安区,广深高速公路,2403,机荷高速公路,240303,1245,南-北,20
3,洲石公路,5,宝安区,机荷高速公路,2403,九围路,240304,1737,南-北,20
3,深南中路,1,福田区,华富路,202,华强北路,20202,565,西-东,20
3,深南中路,1,福田区,华强北路,202,上步中路,20203,984,西-东,20
3,深南中路,1,福田区,上步中路,202,深南东路,20204,875,西-东,20
3,梅观路,1,福田区,皇岗北路,213,南坪快速路,21301,2189,南-北,20
3,梅观路,9,龙华区,南坪快速路,213,梅坂大道,21302,1307,南-北,20
3,梅观路,9,龙华区,梅坂大道,213,梅观高速公路,21303,496,南-北,20
3,梅观路,9,龙华区,梅观高速公路,214,梅坂大道,21401,560,北-南,20
3,梅观路,9,龙华区,梅坂大道,214,南坪快速路,21402,1651,北-南,20
3,梅观路,1,福田区,南坪快速路,214,皇岗北路,21403,1830,北-南,20
3,华富路,1,福田区,深南中路,223,振华路,22301,452,南-北,20
3,华富路,1,福田区,振华路,223,红荔路,22302,511,南-北,20
3,华富路,1,福田区,红荔路,223,泥岗西路,22303,610,南-北,20
3,华富路,1,福田区,泥岗西路,224,红荔路,22401,604,北-南,20
3,华富路,1,福田区,红荔路,224,振华路,22402,503,北-南,20
3,华富路,1,福田区,振华路,224,深南中路,22403,460,北-南,20
3,福田路,1,福田区,滨河大道,233,福华路,23301,751,南-北,20
3,福田路,1,福田区,福华路,233,深南大道,23302,472,南-北,20
3,福田路,1,福田区,深南大道,234,福华路,23401,478,北-南,20
3,福田路,1,福田区,福华路,234,滨河大道,23402,751,北-南,20
3,益田路,1,福田区,广深高速公路,243,福强路,24301,789,南-北,20
3,益田路,1,福田区,福强路,243,福民路(福田),24302,843,南-北,20
3,益田路,1,福田区,福民路(福田),243,滨河大道,24303,779,南-北,20
3,益田路,1,福田区,滨河大道,243,福华路,24304,519,南-北,20
3,益田路,1,福田区,福华路,243,深南大道,24305,603,南-北,20
3,益田路,1,福田区,深南大道,243,红荔路,24306,841,南-北,20
3,益田路,1,福田区,红荔路,244,深南大道,24401,713,北-南,20
3,益田路,1,福田区,深南大道,244,福华路,24402,732,北-南,20
3,益田路,1,福田区,福华路,244,滨河大道,24403,721,北-南,20
3,益田路,1,福田区,滨河大道,244,福民路(福田),24404,570,北-南,20
3,益田路,1,福田区,福民路(福田),244,福强路,24405,852,北-南,20
3,益田路,1,福田区,福强路,244,广深高速公路,24406,791,北-南,20
3,福强路,1,福田区,滨河大道,253,沙嘴路,25301,953,南-北,20
3,福强路,1,福田区,沙嘴路,253,新洲路,25302,1103,南-北,20
3,福强路,1,福田区,新洲路,253,益田路,25303,1012,南-北,20
3,福强路,1,福田区,益田路,253,金田路(福田),25304,1114,南-北,20
3,福强路,1,福田区,金田路(福田),253,福民路(福田),25305,598,南-北,20
3,福强路,1,福田区,福民路(福田),253,彩田路,25306,641,南-北,20
3,福强路,1,福田区,彩田路,254,福民路(福田),25401,645,北-南,20
3,福强路,1,福田区,福民路(福田),254,金田路(福田),25402,589,北-南,20
3,福强路,1,福田区,金田路(福田),254,益田路,25403,1097,北-南,20
3,福强路,1,福田区,益田路,254,新洲路,25404,1007,北-南,20
3,福强路,1,福田区,新洲路,254,沙嘴路,25405,1103,北-南,20
3,福强路,1,福田区,沙嘴路,254,滨河大道,25406,942,北-南,20
3,白石路,1,福田区,广深高速公路,261,红树林路,26101,837,东-西,20
3,白石路,1,福田区,红树林路,261,侨城东路,26102,1098,东-西,20
3,白石路,3,南山区,侨城东路,261,深湾五路,26103,1625,东-西,20
3,白石路,3,南山区,深湾五路,261,沙河东路,26104,2023,东-西,20
3,白石路,3,南山区,沙河东路,261,沙河西路,26105,920,东-西,20
3,白石路,3,南山区,沙河西路,261,科技南路,26106,545,东-西,20
3,白石路,3,南山区,科技南路,261,科苑南路,26107,449,东-西,20
3,白石路,3,南山区,科苑南路,261,学府路,26108,1451,东-西,20
3,白石路,3,南山区,学府路,262,科苑南路,26201,1434,西-东,20
3,白石路,3,南山区,科苑南路,262,科技南路,26202,449,西-东,20
3,白石路,3,南山区,科技南路,262,沙河西路,26203,540,西-东,20
3,白石路,3,南山区,沙河西路,262,沙河东路,26204,910,西-东,20
3,白石路,3,南山区,沙河东路,262,深湾五路,26205,2037,西-东,20
3,白石路,3,南山区,深湾五路,262,侨城东路,26206,1640,西-东,20
3,白石路,1,福田区,侨城东路,262,红树林路,26207,1090,西-东,20
3,白石路,1,福田区,红树林路,262,广深高速公路,26208,847,西-东,20
3,侨香路,1,福田区,香梅路,271,香蜜湖路,27101,1382,东-西,20
3,侨香路,1,福田区,香蜜湖路,271,农园路,27102,871,东-西,20
3,侨香路,1,福田区,农园路,271,农林路,27103,490,东-西,20
3,侨香路,1,福田区,农林路,271,侨城东路,27104,1714,东-西,20
3,侨香路,3,南山区,侨城东路,271,深云路,27105,1421,东-西,20
3,侨香路,3,南山区,深云路,271,北环大道,27106,893,东-西,20
3,侨香路,3,南山区,北环大道,272,深云路,27201,904,西-东,20
3,侨香路,3,南山区,深云路,272,侨城东路,27202,1436,西-东,20
3,侨香路,1,福田区,侨城东路,272,农林路,27203,1734,西-东,20
3,侨香路,1,福田区,农林路,272,农园路,27204,490,西-东,20
3,侨香路,1,福田区,农园路,272,香蜜湖路,27205,862,西-东,20
3,侨香路,1,福田区,香蜜湖路,272,香梅路,27206,1386,西-东,20
3,彩田路,1,福田区,滨河大道,283,福华路,28301,655,南-北,20
3,彩田路,1,福田区,福华路,283,深南大道,28302,868,南-北,20
3,彩田路,1,福田区,深南大道,283,红荔路,28303,665,南-北,20
3,彩田路,1,福田区,红荔路,283,笋岗西路,28304,987,南-北,20
3,彩田路,1,福田区,笋岗西路,283,北环大道,28305,924,南-北,20
3,彩田路,1,福田区,北环大道,283,梅观路,28306,1168,南-北,20
3,彩田路,1,福田区,梅观路,284,北环大道,28401,1298,北-南,20
3,彩田路,1,福田区,北环大道,284,笋岗西路,28402,934,北-南,20
3,彩田路,1,福田区,笋岗西路,284,红荔路,28403,842,北-南,20
3,彩田路,1,福田区,红荔路,284,深南大道,28404,680,北-南,20
3,彩田路,1,福田区,深南大道,284,福华路,28405,852,北-南,20
3,彩田路,1,福田区,福华路,284,滨河大道,28406,658,北-南,20
3,侨城东路,1,福田区,白石路,293,深南大道,29301,598,南-北,20
3,侨城东路,1,福田区,深南大道,293,侨香路,29302,929,南-北,20
3,侨城东路,3,南山区,侨香路,294,深南大道,29401,925,北-南,20
3,侨城东路,3,南山区,深南大道,294,白石路,29402,603,北-南,20
3,上步北路,1,福田区,笋岗西路,303,泥岗西路,30301,962,南-北,20
3,上步北路,1,福田区,泥岗西路,304,笋岗西路,30401,953,北-南,20
3,上步南路,1,福田区,滨河大道,313,深南中路,31301,227,南-北,20
3,上步南路,1,福田区,深南中路,314,滨河大道,31401,508,北-南,20
3,上步中路,1,福田区,深南中路,323,红荔路,32301,906,南-北,20
3,上步中路,1,福田区,红荔路,323,笋岗西路,32302,744,南-北,20
3,上步中路,1,福田区,笋岗西路,324,红荔路,32401,744,北-南,20
3,上步中路,1,福田区,红荔路,324,深南中路,32402,906,北-南,20
3,红岭北路,2,罗湖区,笋岗东路,333,梅园路,33301,687,南-北,20
3,红岭北路,2,罗湖区,梅园路,333,红岗路,33302,593,南-北,20
3,红岭北路,2,福田区,红岗路,334,梅园路,33401,529,北-南,20
3,红岭北路,2,福田区,梅园路,334,笋岗东路,33402,687,北-南,20
3,红岭南路,2,罗湖区,滨河大道,343,深南中路,34301,459,南-北,20
3,红岭南路,2,福田区,深南中路,344,滨河大道,34401,563,北-南,20
3,红岭中路,2,罗湖区,深南中路,353,红桂路,35301,937,南-北,20
3,红岭中路,2,罗湖区,红桂路,353,笋岗东路,35302,725,南-北,20
3,红岭中路,2,福田区,笋岗东路,354,红桂路,35401,726,北-南,20
3,红岭中路,2,福田区,红桂路,354,深南中路,35402,937,北-南,20
3,新洲路,1,福田区,福荣路,363,福强路,36301,717,南-北,20
3,新洲路,1,福田区,福强路,363,福民路(福田),36302,563,南-北,20
3,新洲路,1,福田区,福民路(福田),363,滨河大道,36303,643,南-北,20
3,新洲路,1,福田区,滨河大道,363,深南大道,36304,1094,南-北,20
3,新洲路,1,福田区,深南大道,363,红荔路,36305,1031,南-北,20
3,新洲路,1,福田区,红荔路,363,莲花路(福田),36306,711,南-北,20
3,新洲路,1,福田区,莲花路(福田),363,北环大道,36307,1116,南-北,20
3,新洲路,1,福田区,北环大道,364,莲花路(福田),36401,1120,北-南,20
3,新洲路,1,福田区,莲花路(福田),364,红荔路,36402,689,北-南,20
3,新洲路,1,福田区,红荔路,364,深南大道,36403,994,北-南,20
3,新洲路,1,福田区,深南大道,364,滨河大道,36404,1147,北-南,20
3,新洲路,1,福田区,滨河大道,364,福民路(福田),36405,633,北-南,20
3,新洲路,1,福田区,福民路(福田),364,福强路,36406,563,北-南,20
3,新洲路,1,福田区,福强路,364,福荣路,36407,716,北-南,20
3,皇岗路,1,福田区,广深高速公路,373,滨河大道,37301,1849,南-北,20
3,皇岗路,1,福田区,滨河大道,373,福华路,37302,795,南-北,20
3,皇岗路,1,福田区,福华路,373,深南大道,37303,723,南-北,20
3,皇岗路,1,福田区,深南大道,373,红荔路,37304,724,南-北,20
3,皇岗路,1,福田区,红荔路,373,笋岗西路,37305,802,南-北,20
3,皇岗路,1,福田区,笋岗西路,373,北环大道,37306,1447,南-北,20
3,皇岗路,1,福田区,北环大道,374,笋岗西路,37401,1445,北-南,20
3,皇岗路,1,福田区,笋岗西路,374,红荔路,37402,801,北-南,20
3,皇岗路,1,福田区,红荔路,374,深南大道,37403,785,北-南,20
3,皇岗路,1,福田区,深南大道,374,福华路,37404,651,北-南,20
3,皇岗路,1,福田区,福华路,374,滨河大道,37405,790,北-南,20
3,皇岗路,1,福田区,滨河大道,374,广深高速公路,37406,1755,北-南,20
3,笋岗西路,1,福田区,红岭北路,381,八卦路,38101,429,东-西,20
3,笋岗西路,1,福田区,八卦路,381,上步北路,38102,426,东-西,20
3,笋岗西路,1,福田区,上步北路,381,泥岗西路,38103,1062,东-西,20
3,笋岗西路,1,福田区,泥岗西路,381,皇岗路,38104,1318,东-西,20
3,笋岗西路,1,福田区,皇岗路,381,彩田路,38105,669,东-西,20
3,笋岗西路,1,福田区,彩田路,382,皇岗路,38201,568,西-东,20
3,笋岗西路,1,福田区,皇岗路,382,泥岗西路,38202,1185,西-东,20
3,笋岗西路,1,福田区,泥岗西路,382,上步北路,38203,1197,西-东,20
3,笋岗西路,1,福田区,上步北路,382,八卦路,38204,426,西-东,20
3,笋岗西路,1,福田区,八卦路,382,红岭北路,38205,442,西-东,20
3,深南大道,1,福田区,深南中路,391,彩田路,39101,994,东-西,20
3,深南大道,1,福田区,彩田路,391,金田路(福田),39102,471,东-西,20
3,深南大道,1,福田区,金田路(福田),391,益田路,39103,750,东-西,20
3,深南大道,1,福田区,益田路,391,新洲路,39104,683,东-西,20
3,深南大道,1,福田区,新洲路,391,香梅路,39105,830,东-西,20
3,深南大道,1,福田区,香梅路,391,香蜜湖路,39106,1138,东-西,20
3,深南大道,1,福田区,香蜜湖路,391,农园路,39107,675,东-西,20
3,深南大道,1,福田区,农园路,391,广深高速,39108,774,东-西,20
3,深南大道,1,福田区,广深高速,391,侨城东路,39109,2101,东-西,20
3,深南大道,3,南山区,侨城东路,391,沙河东路,39110,3357,东-西,20
3,深南大道,3,南山区,沙河东路,391,沙河西路,39111,561,东-西,20
3,深南大道,3,南山区,沙河西路,391,铜鼓路,39112,557,东-西,20
3,深南大道,3,南山区,铜鼓路,391,科技南路,39113,504,东-西,20
3,深南大道,3,南山区,科技南路,391,科苑南路,39114,443,东-西,20
3,深南大道,3,南山区,科苑南路,391,科技中二路,39115,693,东-西,20
3,深南大道,3,南山区,科技中二路,391,南海大道,39116,686,东-西,20
3,深南大道,3,南山区,南海大道,391,南山大道,39117,752,东-西,20
3,深南大道,3,南山区,南山大道,391,前海路,39118,1104,东-西,20
3,深南大道,3,南山区,前海路,391,广深公路,39119,1177,东-西,20
3,深南大道,3,南山区,广深公路,392,前海路,39201,1267,西-东,20
3,深南大道,3,南山区,前海路,392,南山大道,39202,679,西-东,20
3,深南大道,3,南山区,南山大道,392,南海大道,39203,752,西-东,20
3,深南大道,3,南山区,南海大道,392,科技中二路,39204,613,西-东,20
3,深南大道,3,南山区,科技中二路,392,科苑南路,39205,880,西-东,20
3,深南大道,3,南山区,科苑南路,392,科技南路,39206,322,西-东,20
3,深南大道,3,南山区,科技南路,392,铜鼓路,39207,509,西-东,20
3,深南大道,3,南山区,铜鼓路,392,沙河西路,39208,552,西-东,20
3,深南大道,3,南山区,沙河西路,392,沙河东路,39209,559,西-东,20
3,深南大道,3,南山区,沙河东路,392,侨城东路,39210,3375,西-东,20
3,深南大道,1,福田区,侨城东路,392,广深高速,39211,1854,西-东,20
3,深南大道,1,福田区,广深高速,392,农园路,39212,1008,西-东,20
3,深南大道,1,福田区,农园路,392,香蜜湖路,39213,584,西-东,20
3,深南大道,1,福田区,香蜜湖路,392,香梅路,39214,1234,西-东,20
3,深南大道,1,福田区,香梅路,392,新洲路,39215,953,西-东,20
3,深南大道,1,福田区,新洲路,392,益田路,39216,596,西-东,20
3,深南大道,1,福田区,益田路,392,金田路(福田),39217,697,西-东,20
3,深南大道,1,福田区,金田路(福田),392,彩田路,39218,609,西-东,20
3,深南大道,1,福田区,彩田路,392,深南中路,39219,909,西-东,20
4,八卦路,1,福田区,笋岗西路,403,八卦三路,40301,665,南-北,15
4,八卦路,1,福田区,八卦三路,403,泥岗西路,40302,385,南-北,15
4,八卦路,1,福田区,泥岗西路,404,八卦三路,40401,382,北-南,15
4,八卦路,1,福田区,八卦三路,404,笋岗西路,40402,664,北-南,15
4,八卦三路,1,福田区,红岭北路,411,八卦路,41101,492,东-西,15
4,八卦三路,1,福田区,八卦路,411,上步北路,41102,691,东-西,15
4,八卦三路,1,福田区,上步北路,411,泥岗西路,41103,195,东-西,15
4,八卦三路,1,福田区,泥岗西路,412,上步北路,41201,212,西-东,15
4,八卦三路,1,福田区,上步北路,412,八卦路,41202,682,西-东,15
4,八卦三路,1,福田区,八卦路,412,红岭北路,41203,492,西-东,15
4,福华路,1,福田区,南园路,421,福田路,42101,1033,东-西,15
4,福华路,1,福田区,福田路,421,皇岗路,42102,211,东-西,15
4,福华路,1,福田区,皇岗路,421,彩田路,42103,735,东-西,15
4,福华路,1,福田区,彩田路,421,金田路(福田),42104,504,东-西,15
4,福华路,1,福田区,金田路(福田),421,益田路,42105,705,东-西,15
4,福华路,1,福田区,益田路,421,新洲路,42106,485,东-西,15
4,福华路,1,福田区,新洲路,422,益田路,42201,548,西-东,15
4,福华路,1,福田区,益田路,422,金田路(福田),42202,693,西-东,15
4,福华路,1,福田区,金田路(福田),422,彩田路,42203,504,西-东,15
4,福华路,1,福田区,彩田路,422,皇岗路,42204,751,西-东,15
4,福华路,1,福田区,皇岗路,422,福田路,42205,239,西-东,15
4,福华路,1,福田区,福田路,422,南园路,42206,1002,西-东,15
4,福荣路,1,福田区,益田路,431,新洲路,43101,1336,东-西,15
4,福荣路,1,福田区,新洲路,431,沙嘴路,43102,1124,东-西,15
4,福荣路,1,福田区,沙嘴路,431,滨河大道,43103,1822,东-西,15
4,福荣路,1,福田区,滨河大道,432,沙嘴路,43201,1805,西-东,15
4,福荣路,1,福田区,沙嘴路,432,新洲路,43202,1127,西-东,15
4,福荣路,1,福田区,新洲路,432,益田路,43203,1348,西-东,15
4,福田四号路,1,福田区,皇岗路,441,益田路,44101,1323,东-西,15
4,福田四号路,1,福田区,益田路,442,皇岗路,44201,958,西-东,15
4,海田路,1,福田区,深南大道,453,红荔路,45301,871,南-北,15
4,海田路,1,福田区,红荔路,454,深南大道,45401,871,北-南,15
4,宏威路,1,福田区,莲花路(福田),463,北环大道,46301,204,南-北,15
4,宏威路,1,福田区,北环大道,464,莲花路(福田),46401,203,北-南,15
4,景田路,1,福田区,新闻路,473,红荔西路,47301,586,南-北,15
4,景田路,1,福田区,红荔西路,473,莲花路(福田),47302,749,南-北,15
4,景田路,1,福田区,莲花路(福田),473,北环大道,47303,861,南-北,15
4,景田路,1,福田区,北环大道,474,莲花路(福田),47401,850,北-南,15
4,景田路,1,福田区,莲花路(福田),474,红荔西路,47402,766,北-南,15
4,景田路,1,福田区,红荔西路,474, 新闻路,47403,584,北-南,15
4,凯丰路,1,福田区,北环大道,483,梅观路,48301,979,南-北,15
4,凯丰路,1,福田区,梅观路,484,北环大道,48401,989,北-南,15
4,梅村路,1,福田区,北环大道,493,梅林路,49301,767,南-北,15
4,梅村路,1,福田区,梅林路,494,北环大道,49401,763,北-南,15
4,梅华路,1,福田区,凯丰路,501,中康路,50101,670,东-西,15
4,梅华路,1,福田区,中康路,501,梅村路,50102,570,东-西,15
4,梅华路,1,福田区,梅村路,501,梅秀路,50103,561,东-西,15
4,梅华路,1,福田区,梅秀路,501,新洲路,50104,784,东-西,15
4,梅华路,1,福田区,新洲路,502,梅秀路,50201,482,西-东,15
4,梅华路,1,福田区,梅秀路,502,梅村路,50202,562,西-东,15
4,梅华路,1,福田区,梅村路,502,中康路,50203,561,西-东,15
4,梅华路,1,福田区,中康路,502,凯丰路,50204,680,西-东,15
4,梅林路,1,福田区,皇岗路,511,彩田路,51101,605,东-西,15
4,梅林路,1,福田区,彩田路,511,中康路,51102,771,东-西,15
4,梅林路,1,福田区,中康路,511,梅村路,51103,569,东-西,15
4,梅林路,1,福田区,梅村路,511,梅秀路,51104,666,东-西,15
4,梅林路,1,福田区,梅秀路,511,梅丽路,51105,774,东-西,15
4,梅林路,1,福田区,梅丽路,511,北环大道,51106,710,东-西,15
4,梅林路,1,福田区,北环大道,512,梅丽路,51201,686,西-东,15
4,梅林路,1,福田区,梅丽路,512,梅秀路,51202,781,西-东,15
4,梅林路,1,福田区,梅秀路,512,梅村路,51203,658,西-东,15
4,梅林路,1,福田区,梅村路,512,中康路,51204,575,西-东,15
4,梅林路,1,福田区,中康路,512,彩田路,51205,772,西-东,15
4,梅林路,1,福田区,彩田路,512,皇岗路,51206,604,西-东,15
4,梅山街,1,福田区,梅林路,523,梅山路,52301,679,南-北,15
4,梅山街,1,福田区,梅山路,524,梅林路,52401,678,北-南,15
4,梅秀路,1,福田区,北环大道,533,梅林路,53301,655,南-北,15
4,梅秀路,1,福田区,梅林路,534,北环大道,53401,651,北-南,15
4,梅坳二路,1,福田区,中康路,543,梅坳五路,54301,750,南-北,15
4,梅坳二路,1,福田区,梅坳五路,544,中康路,54401,747,北-南,15
4,民田路,1,福田区,滨河大道,553,深南大道,55301,1551,南-北,15
4,民田路,1,福田区,深南大道,554,滨河大道,55401,1551,北-南,15
4,南园路,1,福田区,上步南路,561,华强南路,56101,1401,东-西,15
4,南园路,1,福田区,华强南路,562,上步南路,56201,1402,西-东,15
4,农林路,1,福田区,深南大道,573,红荔西路,57301,578,南-北,15
4,农林路,1,福田区,红荔西路,573,侨香路,57302,958,南-北,15
4,农林路,1,福田区,侨香路,574,红荔西路,57401,956,北-南,15
4,农林路,1,福田区,红荔西路,574,深南大道,57402,563,北-南,15
4,农园路,1,福田区,深南大道,583,红荔西路,58301,640,南-北,15
4,农园路,1,福田区,红荔西路,583,侨香路,58302,1333,南-北,15
4,农园路,1,福田区,侨香路,584,红荔西路,58401,1323,北-南,15
4,农园路,1,福田区,红荔西路,584,深南大道,58402,640,北-南,15
4,沙嘴路,1,福田区,福荣路,593,福强路,59301,716,南-北,15
4,沙嘴路,1,福田区,福强路,593,滨河大道,59302,472,南-北,15
4,沙嘴路,1,福田区,滨河大道,594,福强路,59401,466,北-南,15
4,沙嘴路,1,福田区,福强路,594,福荣路,59402,716,北-南,15
4,泰然九路,1,福田区,滨河大道,603,深南大道,60301,708,南-北,15
4,泰然九路,1,福田区,深南大道,604,滨河大道,60401,706,北-南,15
4,下梅林一街,1,福田区,梅林路,611,香梅路,61101,1143,东-西,15
4,下梅林一街,1,福田区,香梅路,612,梅林路,61201,1091,西-东,15
4,香梅路,1,福田区,深南大道,623,红荔西路,62301,749,南-北,15
4,香梅路,1,福田区,红荔西路,623,莲花路(福田),62302,623,南-北,15
4,香梅路,1,福田区,莲花路(福田),623,侨香路,62303,539,南-北,15
4,香梅路,1,福田区,侨香路,623,北环大道,62304,858,南-北,15
4,香梅路,1,福田区,北环大道,624,侨香路,62401,858,北-南,15
4,香梅路,1,福田区,侨香路,624,莲花路(福田),62402,562,北-南,15
4,香梅路,1,福田区,莲花路(福田),624,红荔西路,62403,591,北-南,15
4,香梅路,1,福田区,红荔西路,624,深南大道,62404,764,北-南,15
4,雨田路,1,福田区,莲花路(福田),633,北环大道,63301,325,南-北,15
4,雨田路,1,福田区,北环大道,634,莲花路(福田),63401,337,北-南,15
4,振华路,1,福田区,华强北路,641,华富路,64102,562,东-西,15
4,振华路,1,福田区,华富路,642,华强北路,64201,562,西-东,15
4,振华路,1,福田区,华强北路,642,上步中路,64202,983,西-东,15
4,振华西路,1,福田区,华富路,651,皇岗路,65101,855,东-西,15
4,振华西路,1,福田区,皇岗路,652,华富路,65201,769,西-东,15
4,中康路,1,福田区,北环大道,663,梅坳二路,66301,872,南-北,15
4,中康路,1,福田区,梅坳二路,664,北环大道,66401,872,北-南,15
4,华强北路,1,福田区,深南中路,673,红荔路,67301,918,南-北,15
4,华强北路,1,福田区,红荔路,673,笋岗西路,67302,721,南-北,15
4,华强北路,1,福田区,笋岗西路,674,红荔路,67401,918,北-南,15
4,华强北路,1,福田区,红荔路,674,深南中路,67402,675,北-南,15
4,华强南路,1,福田区,滨河大道,683,深南中路,68301,1125,南-北,15
4,华强南路,1,福田区,深南中路,684,滨河大道,68401,1195,北-南,15
2,爱国路高架桥,2,罗湖区,沿河路,693,布心路,69301,1872,南-北,30
2,爱国路高架桥,2,罗湖区,布心路,694,沿河路,69401,1679,北-南,30
2,深盐二通道,4,盐田区,盐坝高速公路,711,罗沙路,71101,8244,东-西,30
2,深盐二通道,4,盐田区,罗沙路,712,盐坝高速公路,71201,8236,西-东,30
2,丹平快速路,6,龙岗区,爱国路,733,布沙路,73301,3715,南-北,30
2,丹平快速路,6,龙岗区,布沙路,733,龙岗大道,73302,2013,南-北,30
2,丹平快速路,6,龙岗区,龙岗大道,733,盛宝路,73303,1803,南-北,30
2,丹平快速路,6,龙岗区,盛宝路,733,横东岭路,73304,1069,南-北,30
2,丹平快速路,6,龙岗区,横东岭路,733,丹平公路,73305,866,南-北,30
2,丹平快速路,6,龙岗区,丹平公路,734,横东岭路,73401,871,北-南,30
2,丹平快速路,6,龙岗区,横东岭路,734,盛宝路,73402,1065,北-南,30
2,丹平快速路,6,龙岗区,盛宝路,734,龙岗大道,73403,1807,北-南,30
2,丹平快速路,6,龙岗区,龙岗大道,734,布沙路,73404,1989,北-南,30
2,丹平快速路,6,龙岗区,布沙路,734,爱国路,73405,3747,北-南,30
2,沿河北路,2,罗湖区,黄贝路,741,怡景路,74102,554,东-西,30
2,沿河北路,2,罗湖区,怡景路,741,深南东路,74103,1275,东-西,30
2,沿河北路,2,罗湖区,深南东路,741,文锦南路,74104,978,东-西,30
2,沿河北路,2,罗湖区,文锦南路,741,江背路,74105,822,东-西,30
2,沿河路,2,罗湖区,江背路,742,文锦南路,74201,1591,西-东,30
2,沿河路,2,罗湖区,文锦南路,742,深南东路,74202,1164,西-东,30
2,沿河路,2,罗湖区,深南东路,742,怡景路,74203,1103,西-东,30
2,沿河路,2,罗湖区,怡景路,742,黄贝路,74204,621,西-东,30
2,泥岗东路,2,罗湖区,文锦北路,751,宝岗路,75101,1162,东-西,30
2,泥岗东路,2,罗湖区,宝岗路,751,泥岗西路,75102,1079,东-西,30
2,泥岗东路,2,罗湖区,泥岗西路,752,宝岗路,75201,1055,西-东,30
2,泥岗东路,2,罗湖区,宝岗路,752,文锦北路,75202,1090,西-东,30
2,布心路,2,罗湖区,爱国路,761,翠竹路(罗湖),76101,1286,东-西,30
2,布心路,2,罗湖区,翠竹路(罗湖),761,文锦北路,76102,727,东-西,30
2,布心路,2,罗湖区,文锦北路,762,翠竹路(罗湖),76201,566,西-东,30
2,布心路,2,罗湖区,翠竹路(罗湖),762,爱国路,76202,1267,西-东,30
2,船步路,2,罗湖区,沿河路,771,滨河大道,77101,1647,东-西,30
2,船步路,2,罗湖区,滨河大道,772,沿河路,77201,478,西-东,30
3,东门北路,2,罗湖区,爱国路,781,翠竹路(罗湖),78101,764,东-西,20
3,东门北路,2,罗湖区,翠竹路(罗湖),781,文锦北路,78102,431,东-西,20
3,东门北路,2,罗湖区,文锦北路,782,翠竹路(罗湖),78201,422,西-东,20
3,东门北路,2,罗湖区,翠竹路(罗湖),782,爱国路,78202,759,西-东,20
3,文锦中路,2,罗湖区,深南东路,793,爱国路,79301,547,南-北,20
3,文锦中路,2,罗湖区,爱国路,793,文锦北路,79302,502,南-北,20
3,文锦中路,2,罗湖区,文锦北路,794,爱国路,79401,536,北-南,20
3,文锦中路,2,罗湖区,爱国路,794,深南东路,79402,534,北-南,20
3,新秀路,2,罗湖区,罗芳路,801,深南东路,80101,1002,东-西,20
3,新秀路,2,罗湖区,深南东路,802,罗芳路,80201,991,西-东,20
3,怡景路,2,罗湖区,罗沙路,811,黄贝路,81101,818,东-西,20
3,怡景路,2,罗湖区,黄贝路,811,爱国路,81102,488,东-西,20
3,怡景路,2,罗湖区,爱国路,812,黄贝路,81201,487,西-东,20
3,怡景路,2,罗湖区,黄贝路,812,罗沙路,81202,825,西-东,20
3,爱国路,2,罗湖区,东湖路(罗湖),821,布心路,82101,445,东-西,20
3,爱国路,2,罗湖区,布心路,821,太宁路,82102,715,东-西,20
3,爱国路,2,罗湖区,太宁路,821,沿河路,82103,245,东-西,20
3,爱国路,2,罗湖区,沿河路,821,怡景路,82104,747,东-西,20
3,爱国路,2,罗湖区,怡景路,821,华丽路,82105,691,东-西,20
3,爱国路,2,罗湖区,华丽路,821,文锦中路,82106,494,东-西,20
3,爱国路,2,罗湖区,文锦中路,822,华丽路,82201,489,西-东,20
3,爱国路,2,罗湖区,华丽路,822,怡景路,82202,713,西-东,20
3,爱国路,2,罗湖区,怡景路,822,沿河路,82203,729,西-东,20
3,爱国路,2,罗湖区,沿河路,822,太宁路,82204,298,西-东,20
3,爱国路,2,罗湖区,太宁路,822,布心路,82205,667,西-东,20
3,爱国路,2,罗湖区,布心路,822,东湖路(罗湖),82206,439,西-东,20
3,罗沙路,4,盐田区,沙深路,831,长岭路,83101,3775,东-西,20
3,罗沙路,2,罗湖区,长岭路,831,畔山路,83102,1502,东-西,20
3,罗沙路,2,罗湖区,畔山路,831,鹏兴路,83103,1418,东-西,20
3,罗沙路,2,罗湖区,鹏兴路,831,延芳路,83104,745,东-西,20
3,罗沙路,2,罗湖区,延芳路,831,沿河北路,83105,937,东-西,20
3,罗沙路,2,罗湖区,沿河北路,832,延芳路,83201,927,西-东,20
3,罗沙路,2,罗湖区,延芳路,832,鹏兴路,83202,947,西-东,20
3,罗沙路,2,罗湖区,鹏兴路,832,畔山路,83203,1464,西-东,20
3,罗沙路,2,罗湖区,畔山路,832,长岭路,83204,1217,西-东,20
3,罗沙路,4,盐田区,长岭路,832,沙深路,83205,3832,西-东,20
3,深南东路,2,罗湖区,沿河路,841,北斗路,84101,700,东-西,20
3,深南东路,2,罗湖区,北斗路,841,文锦南路,84102,388,东-西,20
3,深南东路,2,罗湖区,文锦南路,841,东门中路,84103,908,东-西,20
3,深南东路,2,罗湖区,东门中路,841,建设路(罗湖),84104,620,东-西,20
3,深南东路,2,罗湖区,建设路(罗湖),841,宝安南路,84105,525,东-西,20
3,深南东路,2,罗湖区,宝安南路,841,深南中路,84106,682,东-西,20
3,深南东路,2,罗湖区,深南中路,842,宝安南路,84201,685,西-东,20
3,深南东路,2,罗湖区,宝安南路,842,建设路(罗湖),84202,495,西-东,20
3,深南东路,2,罗湖区,建设路(罗湖),842,东门中路,84203,651,西-东,20
3,深南东路,2,罗湖区,东门中路,842,文锦南路,84204,906,西-东,20
3,深南东路,2,罗湖区,文锦南路,842,北斗路,84205,390,西-东,20
3,深南东路,2,罗湖区,北斗路,842,沿河路,84206,720,西-东,20
3,布吉路,2,罗湖区,布心路,851,太白路,85101,323,东-西,20
3,布吉路,2,罗湖区,太白路,851,龙岗大道,85102,1544,东-西,20
3,布吉路,2,罗湖区,龙岗大道,852,太白路,85201,1624,西-东,20
3,布吉路,2,罗湖区,太白路,852,布心路,85202,373,西-东,20
3,龙岗大道,6,龙岗区,惠州,861,横坪公路,86101,2354,东-西,20
3,龙岗大道,6,龙岗区,横坪公路,861,富坪中路,86102,2265,东-西,20
3,龙岗大道,6,龙岗区,富坪中路,861,教育路,86103,1618,东-西,20
3,龙岗大道,6,龙岗区,教育路,861,环城南路,86104,950,东-西,20
3,龙岗大道,6,龙岗区,环城南路,861,丰田路,86105,2083,东-西,20
3,龙岗大道,6,龙岗区,丰田路,861,深汕路,86106,1885,东-西,20
3,龙岗大道,6,龙岗区,深汕路,861,碧新路,86107,1800,东-西,20
3,龙岗大道,6,龙岗区,碧新路,861,龙城大道,86108,1586,东-西,20
3,龙岗大道,6,龙岗区,龙城大道,861,吉祥路,86109,1278,东-西,20
3,龙岗大道,6,龙岗区,吉祥路,861,如意路,86110,1724,东-西,20
3,龙岗大道,6,龙岗区,如意路,861,黄阁路,86111,926,东-西,20
3,龙岗大道,6,龙岗区,黄阁路,861,机荷高速公路,86112,1159,东-西,20
3,龙岗大道,6,龙岗区,机荷高速公路,861,荷康路,86113,570,东-西,20
3,龙岗大道,6,龙岗区,荷康路,861,横坪公路,86114,1528,东-西,20
3,龙岗大道,6,龙岗区,横坪公路,861,惠盐路,86115,972,东-西,20
3,龙岗大道,6,龙岗区,惠盐路,861,康乐路,86116,2840,东-西,20
3,龙岗大道,6,龙岗区,康乐路,861,盐排高速,86117,2465,东-西,20
3,龙岗大道,6,龙岗区,盐排高速,861,丹平快速路,86118,1953,东-西,20
3,龙岗大道,6,龙岗区,丹平快速路,861,布澜路,86119,1466,东-西,20
3,龙岗大道,6,龙岗区,布澜路,861,布龙路,86120,1566,东-西,20
3,龙岗大道,6,龙岗区,布龙路,861,布吉路,86121,2874,东-西,20
3,龙岗大道,6,龙岗区,布吉路,862,布龙路,86201,3101,西-东,20
3,龙岗大道,6,龙岗区,布龙路,862,布澜路,86202,1282,西-东,20
3,龙岗大道,6,龙岗区,布澜路,862,丹平快速路,86203,1836,西-东,20
3,龙岗大道,6,龙岗区,丹平快速路,862,盐排高速,86204,1593,西-东,20
3,龙岗大道,6,龙岗区,盐排高速,862,康乐路,86205,2561,西-东,20
3,龙岗大道,6,龙岗区,康乐路,862,惠盐路,86206,2731,西-东,20
3,龙岗大道,6,龙岗区,惠盐路,862,横坪公路,86207,1039,西-东,20
3,龙岗大道,6,龙岗区,横坪公路,862,荷康路,86208,1468,西-东,20
3,龙岗大道,6,龙岗区,荷康路,862,机荷高速公路,86209,922,西-东,20
3,龙岗大道,6,龙岗区,机荷高速公路,862,黄阁路,86210,673,西-东,20
3,龙岗大道,6,龙岗区,黄阁路,862,如意路,86211,1053,西-东,20
3,龙岗大道,6,龙岗区,如意路,862,吉祥路,86212,1736,西-东,20
3,龙岗大道,6,龙岗区,吉祥路,862,龙城大道,86213,1252,西-东,20
3,龙岗大道,6,龙岗区,龙城大道,862,碧新路,86214,1591,西-东,20
3,龙岗大道,6,龙岗区,碧新路,862,深汕路,86215,1545,西-东,20
3,龙岗大道,6,龙岗区,深汕路,862,丰田路,86216,1872,西-东,20
3,龙岗大道,6,龙岗区,丰田路,862,环城南路,86217,2180,西-东,20
3,龙岗大道,6,龙岗区,环城南路,862,教育路,86218,846,西-东,20
3,龙岗大道,6,龙岗区,教育路,862,富坪中路,86219,1615,西-东,20
3,龙岗大道,6,龙岗区,富坪中路,862,横坪公路,86220,2266,西-东,20
3,龙岗大道,6,龙岗区,横坪公路,862,惠州,86221,2379,西-东,20
3,文锦北路,2,罗湖区,文锦中路,873,田贝四路,87301,1423,南-北,20
3,文锦北路,2,罗湖区,田贝四路,873,布心路,87302,1064,南-北,20
3,文锦北路,2,罗湖区,布心路,874,田贝四路,87401,838,北-南,20
3,文锦北路,2,罗湖区,田贝四路,874,文锦中路,87402,1482,北-南,20
3,文锦南路,2,罗湖区,沿河路,883,深南东路,88301,602,南-北,20
3,文锦南路,2,罗湖区,深南东路,884,沿河路,88401,606,北-南,20
3,笋岗东路,2,罗湖区,文锦北路,891,洪湖路,89101,330,东-西,20
3,笋岗东路,2,罗湖区,洪湖路,891,洪湖西路,89102,355,东-西,20
3,笋岗东路,2,罗湖区,洪湖西路,891,宝安北路,89103,770,东-西,20
3,笋岗东路,2,罗湖区,宝安北路,891,红岭北路,89104,492,东-西,20
3,笋岗东路,2,罗湖区,红岭北路,892,宝安北路,89201,484,西-东,20
3,笋岗东路,2,罗湖区,宝安北路,892,洪湖西路,89202,724,西-东,20
3,笋岗东路,2,罗湖区,洪湖西路,892,洪湖路,89203,406,西-东,20
3,笋岗东路,2,罗湖区,洪湖路,892,文锦北路,89204,313,西-东,20
4,宝安北路,2,罗湖区,笋岗东路,903,梅园路,90301,695,南-北,15
4,宝安北路,2,罗湖区,梅园路,903,泥岗东路,90302,834,南-北,15
4,宝安北路,2,罗湖区,泥岗东路,904,梅园路,90401,820,北-南,15
4,宝安北路,2,罗湖区,梅园路,904,笋岗东路,90402,695,北-南,15
4,宝安南路,2,罗湖区,滨河大道,913,深南东路,91301,622,南-北,15
4,宝安南路,2,罗湖区,深南东路,913,红桂路,91302,990,南-北,15
4,宝安南路,2,罗湖区,红桂路,913,笋岗东路,91303,594,南-北,15
4,宝安南路,2,罗湖区,笋岗东路,914,红桂路,91401,597,北-南,15
4,宝安南路,2,罗湖区,红桂路,914,深南东路,91402,973,北-南,15
4,宝安南路,2,罗湖区,深南东路,914,滨河大道,91403,632,北-南,15
4,宝岗路,2,罗湖区,笋岗东路,923,梅园路,92301,724,南-北,15
4,宝岗路,2,罗湖区,梅园路,923,泥岗东路,92302,727,南-北,15
4,宝岗路,2,罗湖区,泥岗东路,924,梅园路,92401,722,北-南,15
4,宝岗路,2,罗湖区,梅园路,924,笋岗东路,92402,708,北-南,15
4,北斗路,2,罗湖区,沿河路,933,深南东路,93301,504,南-北,15
4,北斗路,2,罗湖区,深南东路,934,沿河路,93401,505,北-南,15
4,春风路,2,罗湖区,北斗路,951,文锦南路,95101,397,东-西,15
4,春风路,2,罗湖区,文锦南路,951,船步路,95102,1518,东-西,15
4,春风路,2,罗湖区,船步路,952,文锦南路,95201,1506,西-东,15
4,春风路,2,罗湖区,文锦南路,952,北斗路,95202,397,西-东,15
4,东门南路,2,罗湖区,沿河路,963,深南东路,96301,842,南-北,15
4,东门南路,2,罗湖区,深南东路,964,沿河路,96401,990,北-南,15
4,东门中路,2,罗湖区,深南东路,973,文锦北路,97301,1372,南-北,15
4,东门中路,2,罗湖区,文锦北路,974,深南东路,97401,1382,北-南,15
4,洪湖路,2,罗湖区,笋岗东路,993,田贝四路,99301,1166,南-北,15
4,洪湖路,2,罗湖区,田贝四路,994,笋岗东路,99401,1152,北-南,15
4,洪湖西路,2,罗湖区,笋岗东路,1003,田贝四路,100301,858,南-北,15
4,洪湖西路,2,罗湖区,田贝四路,1003,泥岗东路,100302,894,南-北,15
4,洪湖西路,2,罗湖区,泥岗东路,1004,田贝四路,100401,894,北-南,15
4,洪湖西路,2,罗湖区,田贝四路,1004,笋岗东路,100402,909,北-南,15
4,红桂路,2,罗湖区,蛟湖路,1011,红岭中路,101101,871,东-西,15
4,红桂路,2,罗湖区,红岭中路,1012,蛟湖路,101201,870,西-东,15
4,华丽路,2,罗湖区,爱国路,1021,东门北路,102101,1188,东-西,15
4,华丽路,2,罗湖区,东门北路,1022,爱国路,102201,1196,西-东,15
4,黄贝路,2,罗湖区,沿河路,1031,怡景路,103101,879,东-西,15
4,黄贝路,2,罗湖区,怡景路,1031,华丽路,103102,741,东-西,15
4,黄贝路,2,罗湖区,华丽路,1032,怡景路,103201,743,西-东,15
4,黄贝路,2,罗湖区,怡景路,1032,沿河路,103202,879,西-东,15
4,嘉宾路,2,罗湖区,东门南路,1041,建设路(罗湖),104101,728,东-西,15
4,嘉宾路,2,罗湖区,建设路(罗湖),1041,金塘街,104102,857,东-西,15
4,嘉宾路,2,罗湖区,金塘街,1042,建设路(罗湖),104201,940,西-东,15
4,嘉宾路,2,罗湖区,建设路(罗湖),1042,东门南路,104202,736,西-东,15
4,解放路,2,罗湖区,新园路,1051,解放西路,105101,291,东-西,15
4,解放路,2,罗湖区,解放西路,1052,新园路,105201,145,西-东,15
4,解放西路,2,罗湖区,解放路,1061,深南东路,106101,876,东-西,15
4,解放西路,2,罗湖区,深南东路,1062,解放路,106201,665,西-东,15
4,金稻田路,2,罗湖区,东湖路(罗湖),1071,禾坑路,107101,1459,东-西,15
4,金稻田路,2,罗湖区,禾坑路,1071,布吉路,107102,1546,东-西,15
4,金稻田路,2,罗湖区,布吉路,1072,禾坑路,107201,1549,西-东,15
4,金稻田路,2,罗湖区,禾坑路,1072,东湖路(罗湖),107202,1446,西-东,15
4,金华街,2,罗湖区,金塘街,1081,红岭南路,108101,309,东-西,15
4,金华街,2,罗湖区,红岭南路,1082,金塘街,108201,309,西-东,15
4,金塘街,2,罗湖区,嘉宾路,1093,金华街,109301,82,南-北,15
4,金塘街,2,罗湖区,金华街,1094,嘉宾路,109401,86,北-南,15
4,聚宝路,2,罗湖区,罗沙路,1103,仙湖路,110301,145,南-北,15
4,聚宝路,2,罗湖区,仙湖路,1103,国威路,110302,351,南-北,15
4,聚宝路,2,罗湖区,国威路,1103,仙湖山庄,110303,472,南-北,15
4,聚宝路,2,罗湖区,仙湖山庄,1104,国威路,110401,472,北-南,15
4,聚宝路,2,罗湖区,国威路,1104,仙湖路,110402,356,北-南,15
4,聚宝路,2,罗湖区,仙湖路,1104,罗沙路,110403,146,北-南,15
4,莲塘路,2,罗湖区,畔山路,1111,聚宝路,111101,660,东-西,15
4,莲塘路,2,罗湖区,聚宝路,1111,仙湖路,111102,315,东-西,15
4,莲塘路,2,罗湖区,仙湖路,1111,鹏兴路,111103,417,东-西,15
4,莲塘路,2,罗湖区,鹏兴路,1112,仙湖路,111201,417,西-东,15
4,莲塘路,2,罗湖区,仙湖路,1112,聚宝路,111202,315,西-东,15
4,莲塘路,2,罗湖区,聚宝路,1112,畔山路,111203,660,西-东,15
4,南湖路,2,罗湖区,船步路,1123,深南东路,112301,1010,南-北,15
4,南湖路,2,罗湖区,深南东路,1124,船步路,112401,1062,北-南,15
4,清水河三路,2,罗湖区,泥岗东路,1133,红岗路,113301,1466,南-北,15
4,清水河三路,2,罗湖区,红岗路,1134,泥岗东路,113401,1482,北-南,15
4,清水河一路,2,罗湖区,布吉路,1141,红岗路,114101,1086,东-西,15
4,清水河一路,2,罗湖区,红岗路,1142,布吉路,114201,1086,西-东,15
4,人民公园路,2,罗湖区,解放路,1153,蛟湖路,115301,629,南-北,15
4,人民公园路,2,罗湖区,蛟湖路,1153,笋岗东路,115302,704,南-北,15
4,人民公园路,2,罗湖区,笋岗东路,1154,蛟湖路,115401,659,北-南,15
4,人民公园路,2,罗湖区,蛟湖路,1154,解放路,115402,629,北-南,15
4,三号路,2,罗湖区,兴湖路,1163,东门中路,116301,77,南-北,15
4,三号路,2,罗湖区,东门中路,1164,兴湖路,116401,79,北-南,15
4,晒布路,2,罗湖区,东门中路,1173,人民北路,117301,331,南-北,15
4,晒布路,2,罗湖区,人民北路,1174,东门中路,117401,338,北-南,15
4,太白路,2,罗湖区,东湖路(罗湖),1181,翠竹路(罗湖),118101,1558,东-西,15
4,太白路,2,罗湖区,翠竹路(罗湖),1181,布吉路,118102,817,东-西,15
4,太白路,2,罗湖区,布吉路,1182,翠竹路(罗湖),118201,811,西-东,15
4,太白路,2,罗湖区,翠竹路(罗湖),1182,翠竹路(罗湖),118202,1566,西-东,15
4,太宁路,2,罗湖区,爱国路,1191,翠竹路(罗湖),119101,1449,东-西,15
4,太宁路,2,罗湖区,翠竹路(罗湖),1192,爱国路,119201,1438,西-东,15
4,田贝四路,2,罗湖区,翠竹路(罗湖),1201,文锦北路,120101,830,东-西,15
4,田贝四路,2,罗湖区,文锦北路,1201,洪湖西路,120102,552,东-西,15
4,田贝四路,2,罗湖区,洪湖西路,1202,文锦北路,120201,570,西-东,15
4,田贝四路,2,罗湖区,文锦北路,1202,翠竹路(罗湖),120202,814,西-东,15
4,仙湖路,2,罗湖区,罗沙路,1213,莲塘路,121301,153,南-北,15
4,仙湖路,2,罗湖区,莲塘路,1213,国威路,121302,276,南-北,15
4,仙湖路,2,罗湖区,国威路,1214,莲塘路,121401,274,北-南,15
4,仙湖路,2,罗湖区,莲塘路,1214,罗沙路,121402,156,北-南,15
4,蛟湖路,2,罗湖区,晒布路,1231,红桂路,123101,897,东-西,15
4,蛟湖路,2,罗湖区,红桂路,1232,晒布路,123201,897,西-东,15
2,南坪快速路,6,龙岗区,水官高速,1251,布龙路,125101,1899,东-西,30
2,南坪快速路,6,龙岗区,布龙路,1251,坂雪岗大道,125102,2519,东-西,30
2,南坪快速路,6,龙岗区,坂雪岗大道,1251,梅观路,125103,2859,东-西,30
2,南坪快速路,9,龙华区,梅观路,1251,玉龙路,125104,3327,东-西,30
2,南坪快速路,3,南山区,玉龙路,1251,福龙路,125105,1474,东-西,30
2,南坪快速路,3,南山区,福龙路,1251,塘朗山隧道,125106,2507,东-西,30
2,南坪快速路,3,南山区,塘朗山隧道,1251,广深高速公路,125107,8022,东-西,30
2,南坪快速路,3,南山区,广深高速公路,1252,塘朗山隧道,125201,8117,西-东,30
2,南坪快速路,3,南山区,塘朗山隧道,1252,福龙路,125202,2345,西-东,30
2,南坪快速路,3,南山区,福龙路,1252,玉龙路,125203,2020,西-东,30
2,南坪快速路,9,龙华区,玉龙路,1252,梅观路,125204,3290,西-东,30
2,南坪快速路,6,龙岗区,梅观路,1252,坂雪岗大道,125205,3044,西-东,30
2,南坪快速路,6,龙岗区,坂雪岗大道,1252,布龙路,125206,2328,西-东,30
2,南坪快速路,6,龙岗区,布龙路,1252,水官高速,125207,1582,西-东,30
3,八号路,3,南山区,望海路,1263,后海大道,126301,533,南-北,20
3,八号路,3,南山区,后海大道,1264,望海路,126401,620,北-南,20
3,茶光路,3,南山区,沙河西路,1271,同乐路,127101,2217,东-西,20
3,茶光路,3,南山区,同乐路,1272,沙河西路,127201,2216,西-东,20
3,港湾大道,3,南山区,南海大道,1281,兴海大道,128101,1405,东-西,20
3,港湾大道,3,南山区,兴海大道,1282,兴海大道,128201,1405,西-东,20
3,工业七路,3,南山区,中心路（南山）,1291,后海大道,129101,691,东-西,20
3,工业七路,3,南山区,后海大道,1291,公园路(南山),129102,966,东-西,20
3,工业七路,3,南山区,公园路(南山),1291,南海大道,129103,809,东-西,20
3,工业七路,3,南山区,南海大道,1292,公园路(南山),129201,801,西-东,20
3,工业七路,3,南山区,公园路(南山),1292,后海大道,129202,975,西-东,20
3,工业七路,3,南山区,后海大道,1292, 中心路（南山）,129203,694,西-东,20
3,科苑南路,3,南山区,望海路,1303,招商东路,130301,729,南-北,20
3,科苑南路,3,南山区,招商东路,1303,工业八路,130302,752,南-北,20
3,科苑南路,3,南山区,工业八路,1303,东滨路,130303,520,南-北,20
3,科苑南路,3,南山区,东滨路,1303,创业路(南山),130304,802,南-北,20
3,科苑南路,3,南山区,创业路(南山),1303,滨海大道,130305,1027,南-北,20
3,科苑南路,3,南山区,滨海大道,1303,高新南十道,130306,631,南-北,20
3,科苑南路,3,南山区,高新南十道,1303,白石路,130307,635,南-北,20
3,科苑南路,3,南山区,白石路,1303,深南大道,130308,846,南-北,20
3,科苑南路,3,南山区,深南大道,1304,白石路,130401,846,北-南,20
3,科苑南路,3,南山区,白石路,1304,高新南十道,130402,635,北-南,20
3,科苑南路,3,南山区,高新南十道,1304,滨海大道,130403,644,北-南,20
3,科苑南路,3,南山区,滨海大道,1304,创业路(南山),130404,1056,北-南,20
3,科苑南路,3,南山区,创业路(南山),1304,东滨路,130405,779,北-南,20
3,科苑南路,3,南山区,东滨路,1304,工业八路,130406,524,北-南,20
3,科苑南路,3,南山区,工业八路,1304,招商东路,130407,752,北-南,20
3,科苑南路,3,南山区,招商东路,1304,望海路,130408,694,北-南,20
3,龙珠大道,3,南山区,北环大道,1311,龙珠八路,131101,1127,东-西,20
3,龙珠大道,3,南山区,龙珠八路,1311,龙珠四路,131102,983,东-西,20
3,龙珠大道,3,南山区,龙珠四路,1311, 龙珠三路,131103,1093,东-西,20
3,龙珠大道,3,南山区,龙珠三路,1311,沙河西路,131104,1067,东-西,20
3,龙珠大道,3,南山区,沙河西路,1312, 龙珠三路,131201,1057,西-东,20
3,龙珠大道,3,南山区,龙珠三路,1312,龙珠四路,131202,1084,西-东,20
3,龙珠大道,3,南山区,龙珠四路,1312,龙珠八路,131203,1142,西-东,20
3,龙珠大道,3,南山区,龙珠八路,1312,北环大道,131204,237,西-东,20
3,留仙大道,9,龙华区,梅龙路,1321,新区大道,132101,1106,东-西,20
3,留仙大道,9,龙华区,新区大道,1321,福龙路,132102,1335,东-西,20
3,留仙大道,3,南山区,福龙路,1321,丽水路,132103,6619,东-西,20
3,留仙大道,3,南山区,丽水路,1321,学苑大道,132104,5299,东-西,20
3,留仙大道,3,南山区,学苑大道,1321,沙河西路,132105,595,东-西,20
3,留仙大道,3,南山区,沙河西路,1321,同发路,132106,1078,东-西,20
3,留仙大道,3,南山区,同发路,1321,留仙三路,132107,1454,东-西,20
3,留仙大道,3,南山区,留仙三路,1322,同发路,132201,1453,西-东,20
3,留仙大道,3,南山区,同发路,1322,沙河西路,132202,1076,西-东,20
3,留仙大道,3,南山区,沙河西路,1322,学苑大道,132203,579,西-东,20
3,留仙大道,3,南山区,学苑大道,1322,丽水路,132204,5050,西-东,20
3,留仙大道,3,南山区,丽水路,1322,福龙路,132205,7156,西-东,20
3,留仙大道,9,龙华区,福龙路,1322,新区大道,132206,1386,西-东,20
3,留仙大道,9,龙华区,新区大道,1322,梅龙路,132207,1052,西-东,20
3,松白路,3,南山区,沙河西路,1333,宝石路,133301,2131,南-北,20
3,松白路,5,宝安区,宝石路,1333,塘头大道,133302,1329,南-北,20
3,松白路,5,宝安区,塘头大道,1333,机荷高速公路,133303,1139,南-北,20
3,松白路,5,宝安区,机荷高速公路,1333,洲石公路,133304,1258,南-北,20
3,松白路,5,宝安区,洲石公路,1333,爱群路,133305,1484,南-北,20
4,松白路,5,宝安区,爱群路,1333,石岩北环路,133306,1675,南-北,15
3,松白路,7,光明新区,石岩北环路,1333,玉昌东路,133307,2373,南-北,20
3,松白路,7,光明新区,玉昌东路,1333,光侨大道,133308,1050,南-北,20
3,松白路,7,光明新区,光侨大道,1333,光明大道,133309,1354,南-北,20
3,松白路,7,光明新区,光明大道,1333,周家路,133310,2527,南-北,20
3,松白路,7,光明新区,周家路,1333,南环大道,133311,890,南-北,20
3,松白路,7,光明新区,南环大道,1333,红花中路,133312,774,南-北,20
3,松白路,7,光明新区,红花中路,1333,长春南路,133313,749,南-北,20
3,松白路,7,光明新区,长春南路,1333,金安路,133314,368,南-北,20
3,松白路,7,光明新区,金安路,1333,马田路,133315,1229,南-北,20
3,松白路,7,光明新区,马田路,1333,西环大道,133316,844,南-北,20
3,松白路,7,光明新区,西环大道,1333,松岗大道,133317,1639,南-北,20
3,松白路,5,宝安区,松岗大道,1333,广深公路,133318,1364,南-北,20
3,松白路,5,宝安区,广深公路,1334,松岗大道,133401,1375,北-南,20
3,松白路,7,光明新区,松岗大道,1334,西环大道,133402,1635,北-南,20
3,松白路,7,光明新区,西环大道,1334,马田路,133403,829,北-南,20
3,松白路,7,光明新区,马田路,1334,金安路,133404,1236,北-南,20
3,松白路,7,光明新区,金安路,1334,长春南路,133405,366,北-南,20
3,松白路,7,光明新区,长春南路,1334,红花中路,133406,731,北-南,20
3,松白路,7,光明新区,红花中路,1334,南环大道,133407,789,北-南,20
3,松白路,7,光明新区,南环大道,1334,周家路,133408,852,北-南,20
3,松白路,7,光明新区,周家路,1334,光明大道,133409,2570,北-南,20
3,松白路,7,光明新区,光明大道,1334,光侨大道,133410,1327,北-南,20
3,松白路,7,光明新区,光侨大道,1334,玉昌东路,133411,1062,北-南,20
3,松白路,7,光明新区,玉昌东路,1334,石岩北环路,133412,2345,北-南,20
4,松白路,5,宝安区,石岩北环路,1334,爱群路,133413,2005,北-南,15
3,松白路,5,宝安区,爱群路,1334,洲石公路,133414,1608,北-南,20
3,松白路,5,宝安区,洲石公路,1334,机荷高速公路,133415,1672,北-南,20
3,松白路,5,宝安区,机荷高速公路,1334,塘头大道,133416,606,北-南,20
3,松白路,5,宝安区,塘头大道,1334,宝石路,133417,1351,北-南,20
3,松白路,3,南山区,宝石路,1334,沙河西路,133418,2127,北-南,20
3,同乐路,3,南山区,南海大道,1343,茶光路,134301,491,南-北,20
3,同乐路,3,南山区,茶光路,1343,二号路,134302,949,南-北,20
3,同乐路,3,南山区,二号路,1343,留仙大道,134303,567,南-北,20
3,同乐路,3,南山区,留仙大道,1343,沙河西路,134304,2954,南-北,20
3,同乐路,3,南山区,沙河西路,1344,留仙大道,134401,2969,北-南,20
3,同乐路,3,南山区,留仙大道,1344,二号路,134402,569,北-南,20
3,同乐路,3,南山区,二号路,1344,茶光路,134403,955,北-南,20
3,同乐路,3,南山区,茶光路,1344,南海大道,134404,488,北-南,20
3,科苑北路,3,南山区,深南大道,1363,科华路,136301,719,南-北,20
3,科苑北路,3,南山区,科华路,1363,北环大道,136302,553,南-北,20
3,科苑北路,3,南山区,北环大道,1363,朗山路,136303,556,南-北,20
3,科苑北路,3,南山区,朗山路,1363,广深高速公路,136304,510,南-北,20
3,科苑北路,3,南山区,广深高速公路,1364,朗山路,136401,511,北-南,20
3,科苑北路,3,南山区,朗山路,1364,北环大道,136402,556,北-南,20
3,科苑北路,3,南山区,北环大道,1364,科华路,136403,550,北-南,20
3,科苑北路,3,南山区,科华路,1364,深南大道,136404,723,北-南,20
3,桃园路,3,南山区,南海大道,1381,南山大道,138101,738,东-西,20
3,桃园路,3,南山区,南山大道,1381,南新路,138102,595,东-西,20
3,桃园路,3,南山区,南新路,1381,前海路,138103,409,东-西,20
3,桃园路,3,南山区,前海路,1381,月亮湾大道,138104,575,东-西,20
3,桃园路,3,南山区,月亮湾大道,1382,前海路,138201,576,西-东,20
3,桃园路,3,南山区,前海路,1382,南新路,138202,407,西-东,20
3,桃园路,3,南山区,南新路,1382,南山大道,138203,596,西-东,20
3,桃园路,3,南山区,南山大道,1382,南海大道,138204,735,西-东,20
3,桂庙路,3,南山区,南山大道,1391,南新路,139101,452,东-西,20
3,桂庙路,3,南山区,南新路,1391,前海路,139102,511,东-西,20
3,桂庙路,3,南山区,前海路,1391,月亮湾大道,139103,496,东-西,20
3,桂庙路,3,南山区,月亮湾大道,1392,前海路,139201,508,西-东,20
3,桂庙路,3,南山区,前海路,1392,南新路,139202,502,西-东,20
3,桂庙路,3,南山区,南新路,1392,南山大道,139203,442,西-东,20
3,东滨路,3,南山区,沙河西路,1401,科苑大道,140101,576,东-西,20
3,东滨路,3,南山区,科苑大道,1401,后海滨路,140102,593,东-西,20
3,东滨路,3,南山区,后海滨路,1401,后海大道,140103,595,东-西,20
3,东滨路,3,南山区,后海大道,1401,南海大道,140104,859,东-西,20
3,东滨路,3,南山区,南海大道,1401,南光路,140105,722,东-西,20
3,东滨路,3,南山区,南光路,1401,南山大道,140106,436,东-西,20
3,东滨路,3,南山区,南山大道,1401,前海路,140107,793,东-西,20
3,东滨路,3,南山区,前海路,1401,月亮湾大道,140108,368,东-西,20
3,东滨路,3,南山区,月亮湾大道,1402,前海路,140201,366,西-东,20
3,东滨路,3,南山区,前海路,1402,南山大道,140202,803,西-东,20
3,东滨路,3,南山区,南山大道,1402,南光路,140203,429,西-东,20
4,周家路,7,光明新区,将石路,5954,松白路,595401,1161,北-南,15
4,风景路,7,光明新区,松白路,5961,创业路(公明),596101,323,东-西,15
4,风景路,7,光明新区,创业路(公明),5962,松白路,596201,325,西-东,15
3,光祖北路,8,坪山区,丹梓大道,5973,吉祥路,597301,891,南-北,20
3,光祖北路,8,坪山区,吉祥路,5973,龙兴南路,597302,716,南-北,20
3,光祖北路,8,坪山区,龙兴南路,5974,吉祥路,597401,716,北-南,20
3,光祖北路,8,坪山区,吉祥路,5974,丹梓大道,597402,891,北-南,20
3,金牛路,8,坪山区,金牛东路,5981,荔景南路,598101,1848,东-西,20
3,金牛路,8,坪山区,荔景南路,5981,金牛西路,598102,2356,东-西,20
3,金牛路,8,坪山区,金牛西路,5982,荔景南路,598201,2323,西-东,20
3,金牛路,8,坪山区,荔景南路,5982,金牛东路,598202,1864,西-东,20
3,兰景北路,8,坪山区,兰景路,5993,吉祥路,599301,210,南-北,20
3,兰景北路,8,坪山区,吉祥路,5994,兰景路,599401,198,北-南,20
3,荔景南路,8,坪山区,金田路(坪山),6003,金牛路,600301,1847,南-北,20
3,荔景南路,8,坪山区,金牛路,6003,荔景北路,600302,754,南-北,20
3,荔景南路,8,坪山区,荔景北路,6004,金牛路,600401,734,北-南,20
3,荔景南路,8,坪山区,金牛路,6004,金田路(坪山),600402,1864,北-南,20
3,龙兴南路,8,坪山区,坪山大道,6013,龙兴北路,601301,1247,南-北,20
3,龙兴南路,8,坪山区,龙兴北路,6014,坪山大道,601401,1247,北-南,20
3,绿梓大道,8,坪山区,兰竹路,6023,丹梓大道,602301,1586,南-北,20
3,绿梓大道,8,坪山区,丹梓大道,6023,吉康路,602302,800,南-北,20
3,绿梓大道,8,坪山区,吉康路,6024,丹梓大道,602401,1046,北-南,20
3,绿梓大道,8,坪山区,丹梓大道,6024,兰竹路,602402,1354,北-南,20
3,马峦路,8,坪山区,比亚迪路,6033,东纵路,603301,642,南-北,20
3,马峦路,8,坪山区,东纵路,6034,比亚迪路,603401,640,北-南,20
4,乌石路,8,坪山区,坪山大道,6043,深汕高速公路,604301,1331,南-北,15
4,乌石路,8,坪山区,深汕高速公路,6044,坪山大道,604401,1331,北-南,15
3,金牛东路,8,坪山区,创景路,6061,金牛路,606101,2195,东-西,20
3,金牛东路,8,坪山区,金牛路,6062,创景路,606201,2189,西-东,20
3,兰景路,8,坪山区,兰景中路,6073,青松西路,607301,666,南-北,20
3,兰景路,8,坪山区,青松西路,6073,锦绣西路,607302,503,南-北,20
3,兰景路,8,坪山区,锦绣西路,6073,丹梓大道,607303,794,南-北,20
3,兰景路,8,坪山区,丹梓大道,6073,兰景北路,607304,558,南-北,20
3,兰景路,8,坪山区,兰景北路,6074,丹梓大道,607401,576,北-南,20
3,兰景路,8,坪山区,丹梓大道,6074,锦绣西路,607402,781,北-南,20
3,兰景路,8,坪山区,锦绣西路,6074,青松西路,607403,500,北-南,20
3,兰景路,8,坪山区,青松西路,6074,兰景中路,607404,663,北-南,20
3,金牛西路,8,坪山区,金牛路,6083,坪山大道,608301,503,南-北,20
3,金牛西路,8,坪山区,坪山大道,6084,金牛路,608401,500,北-南,20
3,荔景北路,8,坪山区,荔景南路,6093,锦绣西路,609301,881,南-北,20
3,荔景北路,8,坪山区,锦绣西路,6093,丹梓大道,609302,530,南-北,20
3,荔景北路,8,坪山区,丹梓大道,6094,锦绣西路,609401,535,北-南,20
3,荔景北路,8,坪山区,锦绣西路,6094,荔景南路,609402,871,北-南,20
3,比亚迪路,8,坪山区,创景路,6101,坪葵路,610101,1412,东-西,20
3,比亚迪路,8,坪山区,坪葵路,6101,龙新路,610102,1451,东-西,20
3,比亚迪路,8,坪山区,龙新路,6101,民强路,610103,969,东-西,20
3,比亚迪路,8,坪山区,民强路,6101,江岭街,610104,791,东-西,20
3,比亚迪路,8,坪山区,江岭街,6101,坪马线公路,610105,618,东-西,20
3,比亚迪路,8,坪山区,坪马线公路,6101,坪山大道,610106,1478,东-西,20
3,比亚迪路,8,坪山区,坪山大道,6102,坪马线公路,610201,1492,西-东,20
3,比亚迪路,8,坪山区,坪马线公路,6102,江岭街,610202,616,西-东,20
3,比亚迪路,8,坪山区,江岭街,6102,民强路,610203,880,西-东,20
3,比亚迪路,8,坪山区,民强路,6102,龙新路,610204,661,西-东,20
3,比亚迪路,8,坪山区,龙新路,6102,坪葵路,610205,1664,西-东,20
3,比亚迪路,8,坪山区,坪葵路,6102,创景路,610206,1429,西-东,20
3,东纵路,8,坪山区,东纵路,6111,龙新路,611101,830,东-西,20
3,东纵路,8,坪山区,龙新路,6111,民强路,611102,893,东-西,20
3,东纵路,8,坪山区,民强路,6111,江岭街,611103,686,东-西,20
3,东纵路,8,坪山区,江岭街,6111,马峦路,611104,572,东-西,20
3,东纵路,8,坪山区,马峦路,6111,坪山大道,611105,917,东-西,20
3,东纵路,8,坪山区,坪山大道,6111,深汕路,611106,1027,东-西,20
3,东纵路,8,坪山区,深汕路,6112,坪山大道,611201,1043,西-东,20
3,东纵路,8,坪山区,坪山大道,6112,马峦路,611202,917,西-东,20
3,东纵路,8,坪山区,马峦路,6112,江岭街,611203,577,西-东,20
3,东纵路,8,坪山区,江岭街,6112,民强路,611204,687,西-东,20
3,东纵路,8,坪山区,民强路,6112,龙新路,611205,886,西-东,20
3,东纵路,8,坪山区,龙新路,6112,东纵路,611206,828,西-东,20
3,兰竹路,8,坪山区,青兰二路,6121,创景路,612101,1439,东-西,20
3,兰竹路,8,坪山区,创景路,6121,翠景路,612102,763,东-西,20
3,兰竹路,8,坪山区,翠景路,6121,兰景路,612103,510,东-西,20
3,兰竹路,8,坪山区,兰景路,6121,绿荫北路,612104,1005,东-西,20
3,兰竹路,8,坪山区,绿荫北路,6121,荔景北路,612105,683,东-西,20
3,兰竹路,8,坪山区,荔景北路,6121,坪山大道,612106,1684,东-西,20
3,兰竹路,8,坪山区,坪山大道,6122,荔景北路,612201,1682,西-东,20
3,兰竹路,8,坪山区,荔景北路,6122,绿荫北路,612202,687,西-东,20
3,兰竹路,8,坪山区,绿荫北路,6122,兰景路,612203,995,西-东,20
3,兰竹路,8,坪山区,兰景路,6122,翠景路,612204,523,西-东,20
3,兰竹路,8,坪山区,翠景路,6122,创景路,612205,793,西-东,20
3,兰竹路,8,坪山区,创景路,6122,青兰二路,612206,1412,西-东,20
3,丹梓大道,8,坪山区,金沙路(坑梓),6131,宝梓中路,613101,3165,东-西,20
3,丹梓大道,8,坪山区,宝梓中路,6131,光祖北路,613102,865,东-西,20
3,丹梓大道,8,坪山区,光祖北路,6131,兰景路,613103,182,东-西,20
3,丹梓大道,8,坪山区,兰景路,6131,绿梓大道,613104,567,东-西,20
3,丹梓大道,8,坪山区,绿梓大道,6131,绿荫北路,613105,676,东-西,20
3,丹梓大道,8,坪山区,绿荫北路,6131,荔景北路,613106,385,东-西,20
3,丹梓大道,8,坪山区,荔景北路,6131,丹梓西路,613107,924,东-西,20
3,丹梓大道,8,坪山区,丹梓西路,6132,荔景北路,613201,944,西-东,20
3,丹梓大道,8,坪山区,荔景北路,6132,绿荫北路,613202,386,西-东,20
3,丹梓大道,8,坪山区,绿荫北路,6132,绿梓大道,613203,766,西-东,20
3,丹梓大道,8,坪山区,绿梓大道,6132,兰景路,613204,488,西-东,20
3,丹梓大道,8,坪山区,兰景路,6132,光祖北路,613205,172,西-东,20
3,丹梓大道,8,坪山区,光祖北路,6132,宝梓中路,613206,863,西-东,20
3,丹梓大道,8,坪山区,宝梓中路,6132,金沙路(坑梓),613207,3168,西-东,20
3,坪山大道,8,坪山区,金碧路(坪山),6153,汤坑路,615301,3088,南-北,20
3,坪山大道,8,坪山区,汤坑路,6153,锦龙大道,615302,2894,南-北,20
3,坪山大道,8,坪山区,锦龙大道,6153,比亚迪路,615303,1091,南-北,20
3,坪山大道,8,坪山区,比亚迪路,6153,东纵路,615304,742,南-北,20
3,坪山大道,8,坪山区,东纵路,6153,深汕路,615305,412,南-北,20
3,坪山大道,8,坪山区,深汕路,6153,金牛西路,615306,1276,南-北,20
3,坪山大道,8,坪山区,金牛西路,6153,兰竹路,615307,678,南-北,20
3,坪山大道,8,坪山区,兰竹路,6153,丹梓大道,615308,1241,南-北,20
3,坪山大道,8,坪山区,丹梓大道,6153,盘龙路,615309,987,南-北,20
3,坪山大道,8,坪山区,盘龙路,6153,吉康路,615310,710,南-北,20
3,坪山大道,8,坪山区,吉康路,6153,龙兴南路,615311,1818,南-北,20
3,坪山大道,8,坪山区,龙兴南路,6153,乌石路,615312,1081,南-北,20
3,坪山大道,8,坪山区,乌石路,6153,宝梓北路,615313,542,南-北,20
3,坪山大道,8,坪山区,宝梓北路,6153,金沙路(坑梓),615314,1955,南-北,20
3,坪山大道,8,坪山区,金沙路(坑梓),6153,人民东路,615315,621,南-北,20
3,坪山大道,8,坪山区,人民东路,6153,白云一路,615316,1299,南-北,20
3,坪山大道,8,坪山区,白云一路,6154,人民东路,615401,1298,北-南,20
3,坪山大道,8,坪山区,人民东路,6154,金沙路(坑梓),615402,793,北-南,20
3,坪山大道,8,坪山区,金沙路(坑梓),6154,宝梓北路,615403,1790,北-南,20
3,坪山大道,8,坪山区,宝梓北路,6154,乌石路,615404,534,北-南,20
3,坪山大道,8,坪山区,乌石路,6154,龙兴南路,615405,1084,北-南,20
3,坪山大道,8,坪山区,龙兴南路,6154,吉康路,615406,1825,北-南,20
3,坪山大道,8,坪山区,吉康路,6154,盘龙路,615407,717,北-南,20
3,坪山大道,8,坪山区,盘龙路,6154,丹梓大道,615408,1025,北-南,20
3,坪山大道,8,坪山区,丹梓大道,6154,兰竹路,615409,1211,北-南,20
3,坪山大道,8,坪山区,兰竹路,6154,金牛西路,615410,669,北-南,20
3,坪山大道,8,坪山区,金牛西路,6154,深汕路,615411,1276,北-南,20
3,坪山大道,8,坪山区,深汕路,6154,东纵路,615412,410,北-南,20
3,坪山大道,8,坪山区,东纵路,6154,比亚迪路,615413,739,北-南,20
3,坪山大道,8,坪山区,比亚迪路,6154,锦龙大道,615414,1094,北-南,20
3,坪山大道,8,坪山区,锦龙大道,6154,汤坑路,615415,2877,北-南,20
3,坪山大道,8,坪山区,汤坑路,6154,金碧路(坪山),615416,3085,北-南,20
4,宝梓北路,8,坪山区,人民路(坑梓),6163,坪山大道,616301,418,南-北,15
4,宝梓北路,8,坪山区,坪山大道,6164,人民路(坑梓),616401,418,北-南,15
4,宝梓南路,8,坪山区,锦绣西路,6173,人民路(坑梓),617301,538,南-北,15
4,宝梓南路,8,坪山区,人民路(坑梓),6174,锦绣西路,617401,541,北-南,15
4,创景路,8,坪山区,金田路(坪山),6193,金牛东路,619301,2030,南-北,15
4,创景路,8,坪山区,金牛东路,6193,兰竹路,619302,708,南-北,15
4,创景路,8,坪山区,兰竹路,6194,金牛东路,619401,698,北-南,15
4,创景路,8,坪山区,金牛东路,6194,金田路(坪山),619402,2041,北-南,15
4,翠景路,8,坪山区,金牛东路,6203,兰竹路,620301,803,南-北,15
4,翠景路,8,坪山区,兰竹路,6203,青松西路,620302,855,南-北,15
4,翠景路,8,坪山区,青松西路,6203,锦绣西路,620303,719,南-北,15
4,翠景路,8,坪山区,锦绣西路,6203,丹梓大道,620304,667,南-北,15
4,翠景路,8,坪山区,丹梓大道,6204,锦绣西路,620401,672,北-南,15
4,翠景路,8,坪山区,锦绣西路,6204,青松西路,620402,715,北-南,15
4,翠景路,8,坪山区,青松西路,6204,兰竹路,620403,845,北-南,15
4,翠景路,8,坪山区,兰竹路,6204,金牛东路,620404,802,北-南,15
4,东门大街,8,坪山区,东纵路,6213,东门大街,621301,220,南-北,15
4,东门大街,8,坪山区,东门大街,6214,东纵路,621401,220,北-南,15
4,东胜街,8,坪山区,东门大街,6223,建设路(坪山),622301,325,南-北,15
4,东胜街,8,坪山区,建设路(坪山),6224,东门大街,622401,325,北-南,15
4,二六零乡道,8,坪山区,乌石路,6241,龙兴南路,624101,1202,东-西,15
4,二六零乡道,8,坪山区,龙兴南路,6242,乌石路,624201,1202,西-东,15
4,吉康路,8,坪山区,宝梓中路,6261,吉祥路,626101,742,东-西,15
4,吉康路,8,坪山区,吉祥路,6261,坪山大道,626102,1313,东-西,15
4,吉康路,8,坪山区,坪山大道,6262,吉祥路,626201,1313,西-东,15
4,吉康路,8,坪山区,吉祥路,6262,宝梓中路,626202,742,西-东,15
4,江岭街,8,坪山区,比亚迪路,6273,东纵路,627301,2286,南-北,15
4,江岭街,8,坪山区,东纵路,6274,比亚迪路,627401,2286,北-南,15
4,锦龙四路,6,龙岗区,宝龙大道,6281,南同大道,628101,752,东-西,15
4,锦龙四路,6,龙岗区,南同大道,6282,宝龙大道,628201,753,西-东,15
4,锦绣东路,8,坪山区,石化大道西,6291,锦绣中路,629101,2822,东-西,15
4,锦绣东路,8,坪山区,锦绣中路,6292,石化大道西,629201,2815,西-东,15
4,锦绣西路,8,坪山区,绿荫北路,6301,坪山大道,630101,1592,东-西,15
4,锦绣西路,8,坪山区,坪山大道,6302,绿荫北路,630201,1592,西-东,15
4,兰景中路,8,坪山区,金牛东路,6313,兰竹路,631301,861,南-北,15
4,兰景中路,8,坪山区,兰竹路,6314,金牛东路,631401,863,北-南,15
4,立新西路,8,坪山区,建设路(坪山),6323,三洋湖路,632301,443,南-北,15
4,立新西路,8,坪山区,三洋湖路,6324,建设路(坪山),632401,443,北-南,15
4,龙新路,8,坪山区,比亚迪路,6333,东纵路,633301,520,南-北,15
4,龙新路,8,坪山区,东纵路,6334,比亚迪路,633401,520,北-南,15
4,绿荫北路,8,坪山区,兰竹路,6343,丹梓大道,634301,1980,南-北,15
4,绿荫北路,8,坪山区,丹梓大道,6344,兰竹路,634401,1980,北-南,15
4,民强路,8,坪山区,比亚迪路,6353,东纵路,635301,657,南-北,15
4,民强路,8,坪山区,东纵路,6354,比亚迪路,635401,657,北-南,15
4,乾远路,8,坪山区,沙坑路,6361,新沙路,636101,982,东-西,15
4,乾远路,8,坪山区,新沙路,6362,沙坑路,636201,982,西-东,15
4,青兰二路,8,坪山区,兰竹路,6373,青松西路,637301,798,南-北,15
4,青兰二路,8,坪山区,青松西路,6374,兰竹路,637401,798,北-南,15
4,青兰一路,8,坪山区,兰竹路,6383,青松西路,638301,809,南-北,15
4,青兰一路,8,坪山区,青松西路,6384,兰竹路,638401,809,北-南,15
4,青松西路,8,坪山区,青兰二路,6401,青兰一路,640101,634,东-西,15
4,青松西路,8,坪山区,青兰一路,6401,翠景路,640102,856,东-西,15
4,青松西路,8,坪山区,翠景路,6401,兰景路,640103,522,东-西,15
4,青松西路,8,坪山区,兰景路,6402,翠景路,640201,521,西-东,15
4,青松西路,8,坪山区,翠景路,6402,青兰一路,640202,853,西-东,15
4,青松西路,8,坪山区,青兰一路,6402,青兰二路,640203,634,西-东,15
4,清风大道,6,龙岗区,宝龙七路,6411,宝龙五路,641101,806,东-西,15
4,清风大道,6,龙岗区,宝龙五路,6411,宝龙三路,641102,777,东-西,15
4,清风大道,6,龙岗区,宝龙三路,6411,宝龙一路,641103,755,东-西,15
4,清风大道,6,龙岗区,宝龙一路,6411,宝坪路,641104,911,东-西,15
4,清风大道,6,龙岗区,宝坪路,6412,宝龙一路,641201,994,西-东,15
4,清风大道,6,龙岗区,宝龙一路,6412,宝龙三路,641202,755,西-东,15
4,清风大道,6,龙岗区,宝龙三路,6412,宝龙五路,641203,777,西-东,15
4,清风大道,6,龙岗区,宝龙五路,6412,宝龙七路,641204,806,西-东,15
4,三洋湖路,8,坪山区,东纵路,6423,立新西路,642301,759,南-北,15
4,三洋湖路,8,坪山区,立新西路,6424,东纵路,642401,759,北-南,15
4,沙新路,8,坪山区,比亚迪路,6463,东纵路,646301,552,南-北,15
4,沙新路,8,坪山区,东纵路,6464,比亚迪路,646401,552,北-南,15
4,汤坑路,8,坪山区,横坪公路(横岗),6483,金碧路(坪山),648301,749,南-北,15
4,汤坑路,8,坪山区,金碧路(坪山),6484,横坪公路(横岗),648401,749,北-南,15
4,同裕路,8,坪山区,黄竹坑路,6491,汤坑路,649101,1723,东-西,15
4,同裕路,8,坪山区,汤坑路,6492,黄竹坑路,649201,1723,西-东,15
4,行政八路,8,坪山区,坪山大道,6501,新和四路,650101,500,东-西,15
4,行政八路,8,坪山区,新和四路,6502,坪山大道,650201,509,西-东,15
4,新和四路,8,坪山区,行政八路,6513,丹梓西路,651301,641,南-北,15
4,新和四路,8,坪山区,丹梓西路,6514,行政八路,651401,641,北-南,15
4,秀沙路,8,坪山区,坪山大道,6523,深汕高速公路,652301,1135,南-北,15
4,秀沙路,8,坪山区,深汕高速公路,6524,坪山大道,652401,1135,北-南,15
3,布龙公路,9,龙华区,布龙路,6553,华旺路,655301,1196,南-北,20
3,布龙公路,9,龙华区,华旺路,6553,华兴路,655302,1249,南-北,20
3,布龙公路,9,龙华区,华兴路,6553,龙大高速公路,655303,540,南-北,20
3,布龙公路,9,龙华区,龙大高速公路,6554,华兴路,655401,594,北-南,20
3,布龙公路,9,龙华区,华兴路,6554,华旺路,655402,1232,北-南,20
3,布龙公路,9,龙华区,华旺路,6554,布龙路,655403,1196,北-南,20
3,工业西路,9,龙华区,龙观路,6573,工业路,657301,215,南-北,20
3,工业西路,9,龙华区,工业路,6574,龙观路,657401,201,北-南,20
3,观景路,9,龙华区,观平路,6583,观光路,658301,1243,南-北,20
3,观景路,9,龙华区,观光路,6584,观平路,658401,1241,北-南,20
3,华清大道,9,龙华区,清华东路,6591,和平路(龙华),659101,456,东-西,20
3,华清大道,9,龙华区,和平路(龙华),6591,龙观东路,659102,507,东-西,20
3,华清大道,9,龙华区,龙观东路,6592,和平路(龙华),659201,506,西-东,20
3,华清大道,9,龙华区,和平路(龙华),6592,清华东路,659202,456,西-东,20
3,龙观东路,9,龙华区,龙观路,6603,清泉路,660301,495,南-北,20
3,龙观东路,9,龙华区,清泉路,6603,清湖路,660302,711,南-北,20
3,龙观东路,9,龙华区,清湖路,6603,华清大道,660303,324,南-北,20
3,龙观东路,9,龙华区,华清大道,6604,清湖路,660402,361,北-南,20
3,龙观东路,9,龙华区,清湖路,6604,清泉路,660403,667,北-南,20
3,龙观东路,9,龙华区,清泉路,6604,龙观路,660404,482,北-南,20
3,梅坂大道,9,龙华区,梅龙路,6613,五和大道,661301,838,南-北,20
3,梅坂大道,9,龙华区,五和大道,6614,梅龙路,661401,886,北-南,20
3,梅龙大道,9,龙华区,东环一路,6623,东环二路,662301,762,南-北,20
3,梅龙大道,9,龙华区,东环二路,6623,清泉路,662302,419,南-北,20
3,梅龙大道,9,龙华区,清泉路,6623,清湖路,662303,1366,南-北,20
3,梅龙大道,9,龙华区,清湖路,6623,清华东路,662304,507,南-北,20
3,梅龙大道,9,龙华区,清华东路,6624,清湖路,662401,511,北-南,20
3,梅龙大道,9,龙华区,清湖路,6624,清泉路,662402,1360,北-南,20
3,梅龙大道,9,龙华区,清泉路,6624,东环二路,662403,419,北-南,20
3,梅龙大道,9,龙华区,东环二路,6624,东环一路,662404,767,北-南,20
3,民乐路,9,龙华区,民治大道,6631,梅龙路,663101,275,东-西,20
3,民乐路,9,龙华区,梅龙路,6632,民治大道,663201,273,西-东,20
3,清华东路,9,龙华区,大和路,6641,华清大道,664101,506,东-西,20
3,清华东路,9,龙华区,华清大道,6642,大和路,664201,531,西-东,20
3,清平路,9,龙华区,大和路,6653,清华东路,665301,777,南-北,20
3,清平路,9,龙华区,清华东路,6654,大和路,665401,795,北-南,20
3,泗黎路,9,龙华区,观澜大道,6663,悦兴路,666301,663,南-北,20
3,泗黎路,9,龙华区,悦兴路,6663,观光路,666302,1399,南-北,20
3,泗黎路,9,龙华区,观光路,6663,桂月路,666303,2655,南-北,20
3,泗黎路,9,龙华区,桂月路,6663,梅观高速公路,666304,2096,南-北,20
3,泗黎路,9,龙华区,梅观高速公路,6664,桂月路,666401,2095,北-南,20
3,泗黎路,9,龙华区,桂月路,6664,观光路,666402,2652,北-南,20
3,泗黎路,9,龙华区,观光路,6664,悦兴路,666403,1401,北-南,20
3,泗黎路,9,龙华区,悦兴路,6664,观澜大道,666404,672,北-南,20
3,环观南路,9,龙华区,观天路,6671,观平路,667101,3641,东-西,20
3,环观南路,9,龙华区,观平路,6671,梅观高速公路,667102,4344,东-西,20
3,环观南路,9,龙华区,梅观高速公路,6671,大和路,667103,470,东-西,20
3,环观南路,9,龙华区,大和路,6671,观澜大道,667104,922,东-西,20
3,环观南路,9,龙华区,观澜大道,6672,大和路,667201,932,西-东,20
3,环观南路,9,龙华区,大和路,6672,梅观高速公路,667202,619,西-东,20
3,环观南路,9,龙华区,梅观高速公路,6672,观平路,667203,4209,西-东,20
3,环观南路,9,龙华区,观平路,6672,观天路,667204,3649,西-东,20
3,环观中路,9,龙华区,观平路,6681,梅观高速公路,668101,2910,东-西,20
3,环观中路,9,龙华区,梅观高速公路,6681,大和路,668102,519,东-西,20
3,环观中路,9,龙华区,大和路,6682,梅观高速公路,668201,524,西-东,20
3,环观中路,9,龙华区,梅观高速公路,6682,观平路,668202,2926,西-东,20
3,观平路,9,龙华区,环观南路,6693,石新路,669301,1123,南-北,20
3,观平路,9,龙华区,石新路,6693,观景路,669302,1088,南-北,20
3,观平路,9,龙华区,观景路,6693,环观中路,669303,538,南-北,20
3,观平路,9,龙华区,环观中路,6693,观澜大道,669304,895,南-北,20
3,观平路,9,龙华区,观澜大道,6694,环观中路,669401,934,北-南,20
3,观平路,9,龙华区,环观中路,6694,观景路,669402,522,北-南,20
3,观平路,9,龙华区,观景路,6694,石新路,669403,1089,北-南,20
3,观平路,9,龙华区,石新路,6694,环观南路,669404,1127,北-南,20
3,高尔夫大道,9,龙华区,观天路,6701,观景路,670101,1093,东-西,20
3,高尔夫大道,9,龙华区,观景路,6701,观平路,670102,498,东-西,20
3,高尔夫大道,9,龙华区,观平路,6702,观景路,670201,493,西-东,20
3,高尔夫大道,9,龙华区,观景路,6702,观天路,670202,1089,西-东,20
3,东环一路,9,龙华区,东环二路,6711,油松路,671101,657,东-西,20
3,东环一路,9,龙华区,油松路,6711,梅龙路,671102,894,东-西,20
3,东环一路,9,龙华区,梅龙路,6711,建设路(龙华),671103,1030,东-西,20
3,东环一路,9,龙华区,建设路(龙华),6711,和平路(龙华),671104,412,东-西,20
3,东环一路,9,龙华区,和平路(龙华),6711,龙观路,671105,1069,东-西,20
3,东环一路,9,龙华区,龙观路,6712,和平路(龙华),671201,1086,西-东,20
3,东环一路,9,龙华区,和平路(龙华),6712,建设路(龙华),671202,398,西-东,20
3,东环一路,9,龙华区,建设路(龙华),6712,梅龙路,671203,1055,西-东,20
3,东环一路,9,龙华区,梅龙路,6712,油松路,671204,874,西-东,20
3,东环一路,9,龙华区,油松路,6712,东环二路,671205,658,西-东,20
3,东环二路,9,龙华区,工业路,6721,东环一路,672101,583,东-西,20
3,东环二路,9,龙华区,东环一路,6721,油松路,672102,974,东-西,20
3,东环二路,9,龙华区,油松路,6721,梅龙大道,672103,856,东-西,20
3,东环二路,9,龙华区,梅龙大道,6721,建设东路,672104,733,东-西,20
3,东环二路,9,龙华区,建设东路,6721,和平路(龙华),672105,415,东-西,20
3,东环二路,9,龙华区,和平路(龙华),6721,龙观路,672106,1017,东-西,20
3,东环二路,9,龙华区,龙观路,6722,和平路(龙华),672201,1030,西-东,20
3,东环二路,9,龙华区,和平路(龙华),6722,建设东路,672202,405,西-东,20
3,东环二路,9,龙华区,建设东路,6722,梅龙大道,672203,733,西-东,20
3,东环二路,9,龙华区,梅龙大道,6722,油松路,672204,844,西-东,20
3,东环二路,9,龙华区,油松路,6722,东环一路,672205,972,西-东,20
3,东环二路,9,龙华区,东环一路,6722,工业路,672206,570,西-东,20
3,观澜大道,9,龙华区,龙观东路,6743,环观南路,674301,1910,南-北,20
3,观澜大道,9,龙华区,环观南路,6743,人民路(观澜),674302,1327,南-北,20
3,观澜大道,9,龙华区,人民路(观澜),6743,泗黎路,674303,490,南-北,20
3,观澜大道,9,龙华区,泗黎路,6743,大和路,674304,854,南-北,20
3,观澜大道,9,龙华区,大和路,6743,观平路,674305,2118,南-北,20
3,观澜大道,9,龙华区,观平路,6744,大和路,674401,2128,北-南,20
3,观澜大道,9,龙华区,大和路,6744,泗黎路,674402,867,北-南,20
3,观澜大道,9,龙华区,泗黎路,6744,人民路(观澜),674403,490,北-南,20
3,观澜大道,9,龙华区,人民路(观澜),6744,环观南路,674404,1329,北-南,20
3,观澜大道,9,龙华区,环观南路,6744,龙观东路,674405,1906,北-南,20
3,龙观路,9,龙华区,布龙路,6753,华荣路,675301,491,南-北,20
3,龙观路,9,龙华区,华荣路,6753,工业西路,675302,595,南-北,20
3,龙观路,9,龙华区,工业西路,6753,人民路(龙华),675303,459,南-北,20
3,龙观路,9,龙华区,人民路(龙华),6753,东环一路,675304,615,南-北,20
3,龙观路,9,龙华区,东环一路,6753,龙观东路,675305,540,南-北,20
3,龙观路,9,龙华区,龙观东路,6754,东环一路,675401,550,北-南,20
3,龙观路,9,龙华区,东环一路,6754,人民路(龙华),675402,612,北-南,20
3,龙观路,9,龙华区,人民路(龙华),6754,工业西路,675403,453,北-南,20
3,龙观路,9,龙华区,工业西路,6754,华荣路,675404,492,北-南,20
3,龙观路,9,龙华区,华荣路,6754,布龙路,675405,594,北-南,20
3,工业路,9,龙华区,东环二路,6761,油松路,676101,870,东-西,20
3,工业路,9,龙华区,油松路,6761,民治大道,676102,501,东-西,20
3,工业路,9,龙华区,民治大道,6761,梅龙路,676103,611,东-西,20
3,工业路,9,龙华区,梅龙路,6761,人民路(龙华),676104,459,东-西,20
3,工业路,9,龙华区,人民路(龙华),6761,建设路(龙华),676105,881,东-西,20
3,工业路,9,龙华区,建设路(龙华),6761,和平路(龙华),676106,444,东-西,20
3,工业路,9,龙华区,和平路(龙华),6761,工业西路,676107,1073,东-西,20
3,工业路,9,龙华区,工业西路,6762,和平路(龙华),676201,1087,西-东,20
3,工业路,9,龙华区,和平路(龙华),6762,建设路(龙华),676202,431,西-东,20
3,工业路,9,龙华区,建设路(龙华),6762,人民路(龙华),676203,895,西-东,20
3,工业路,9,龙华区,人民路(龙华),6762,梅龙路,676204,447,西-东,20
3,工业路,9,龙华区,梅龙路,6762,民治大道,676205,628,西-东,20
3,工业路,9,龙华区,民治大道,6762,油松路,676206,504,西-东,20
3,工业路,9,龙华区,油松路,6762,东环二路,676207,863,西-东,20
3,玉龙路,9,龙华区,梅龙路,6771,新区大道,677101,768,东-西,20
3,玉龙路,9,龙华区,新区大道,6771,白龙路,677102,1062,东-西,20
3,玉龙路,9,龙华区,白龙路,6771,南坪快速路,677103,1002,东-西,20
3,玉龙路,9,龙华区,南坪快速路,6772,白龙路,677201,1068,西-东,20
3,新安六路,5,宝安区,新湖路,2494,宝安大道,249403,634,北-南,20
3,新安四路,5,宝安区,新安三路,2501,公园路(新安),250101,587,东-西,20
3,新安四路,5,宝安区,公园路(新安),2501,前进二路,250102,660,东-西,20
3,新安四路,5,宝安区,前进二路,2501,建安二路,250103,392,东-西,20
3,新安四路,5,宝安区,建安二路,2502,前进二路,250201,400,西-东,20
3,新安四路,5,宝安区,前进二路,2502,公园路(新安),250202,647,西-东,20
3,新安四路,5,宝安区,公园路(新安),2502,新安三路,250203,577,西-东,20
3,新安五路,5,宝安区,建安二路,2511,广深公路,251101,693,东-西,20
3,新安五路,5,宝安区,广深公路,2511,宝安大道,251102,708,东-西,20
3,新安五路,5,宝安区,宝安大道,2512,广深公路,251201,935,西-东,20
3,新安五路,5,宝安区,广深公路,2512,建安二路,251202,472,西-东,20
3,西乡大道,5,宝安区,公园路(新安),2521,前进二路,252101,1610,东-西,20
3,西乡大道,5,宝安区,前进二路,2521,广深公路,252102,936,东-西,20
3,西乡大道,5,宝安区,广深公路,2521,工业路,252103,784,东-西,20
3,西乡大道,5,宝安区,工业路,2521,宝安大道,252104,329,东-西,20
3,西乡大道,5,宝安区,宝安大道,2521,新湖路,252105,586,东-西,20
3,西乡大道,5,宝安区,新湖路,2521,宝源路,252106,465,东-西,20
3,西乡大道,5,宝安区,宝源路,2521,兴业路,252107,563,东-西,20
3,西乡大道,5,宝安区,兴业路,2521,海宾大道,252108,412,东-西,20
3,西乡大道,5,宝安区,海宾大道,2522,兴业路,252201,434,西-东,20
3,西乡大道,5,宝安区,兴业路,2522,宝源路,252202,567,西-东,20
3,西乡大道,5,宝安区,宝源路,2522,新湖路,252203,465,西-东,20
3,西乡大道,5,宝安区,新湖路,2522,宝安大道,252204,591,西-东,20
3,西乡大道,5,宝安区,宝安大道,2522,工业路,252205,320,西-东,20
3,西乡大道,5,宝安区,工业路,2522,广深公路,252206,938,西-东,20
3,西乡大道,5,宝安区,广深公路,2522,前进二路,252207,786,西-东,20
3,西乡大道,5,宝安区,前进二路,2522,公园路(新安),252208,1711,西-东,20
3,新安二路,5,宝安区,建安一路,2533,前进一路,253301,406,南-北,20
3,新安二路,5,宝安区,前进一路,2533,新圳路,253302,484,南-北,20
3,新安二路,5,宝安区,新圳路,2533,公园路(新安),253303,328,南-北,20
3,新安二路,5,宝安区,公园路(新安),2533,洪浪北路,253304,413,南-北,20
3,新安二路,5,宝安区,洪浪北路,2534,公园路(新安),253401,411,北-南,20
3,新安二路,5,宝安区,公园路(新安),2534,新圳路,253402,328,北-南,20
3,新安二路,5,宝安区,新圳路,2534,前进一路,253403,491,北-南,20
3,新安二路,5,宝安区,前进一路,2534,建安一路,253404,393,北-南,20
3,新安一路,5,宝安区,建安一路,2541,广深公路,254101,537,东-西,20
3,新安一路,5,宝安区,广深公路,2541,翻身路,254102,313,东-西,20
3,新安一路,5,宝安区,翻身路,2541,宝安大道,254103,485,东-西,20
3,新安一路,5,宝安区,宝安大道,2541,新湖路,254104,604,东-西,20
3,新安一路,5,宝安区,新湖路,2542,宝安大道,254201,661,西-东,20
3,新安一路,5,宝安区,宝安大道,2542,翻身路,254202,456,西-东,20
3,新安一路,5,宝安区,翻身路,2542,广深公路,254203,223,西-东,20
3,新安一路,5,宝安区,广深公路,2542,建安一路,254204,602,西-东,20
3,前进二路,5,宝安区,新安四路,2553,流塘路,255301,600,南-北,20
3,前进二路,5,宝安区,流塘路,2553,庄边路,255302,517,南-北,20
3,前进二路,5,宝安区,庄边路,2553,西乡大道,255303,316,南-北,20
3,前进二路,5,宝安区,西乡大道,2553,宝田一路,255304,760,南-北,20
3,前进二路,5,宝安区,宝田一路,2553,宝田二路,255305,639,南-北,20
3,前进二路,5,宝安区,宝田二路,2553,航城大道,255306,1825,南-北,20
3,前进二路,5,宝安区,航城大道,2553,洲石公路,255307,833,南-北,20
3,前进二路,5,宝安区,洲石公路,2554,航城大道,255401,844,北-南,20
3,前进二路,5,宝安区,航城大道,2554,宝田二路,255402,1805,北-南,20
3,前进二路,5,宝安区,宝田二路,2554,宝田一路,255403,666,北-南,20
3,前进二路,5,宝安区,宝田一路,2554,西乡大道,255404,760,北-南,20
3,前进二路,5,宝安区,西乡大道,2554,庄边路,255405,341,北-南,20
3,前进二路,5,宝安区,庄边路,2554,流塘路,255406,492,北-南,20
3,前进二路,5,宝安区,流塘路,2554,新安四路,255407,587,北-南,20
3,前进一路,5,宝安区,湖滨路,2563,新安二路,256301,666,南-北,20
3,前进一路,5,宝安区,新安二路,2563,创业二路,256302,1133,南-北,20
3,前进一路,5,宝安区,创业二路,2563,新安四路,256303,1665,南-北,20
3,前进一路,5,宝安区,新安四路,2564,创业二路,256401,1664,北-南,20
3,前进一路,5,宝安区,创业二路,2564,新安二路,256402,1134,北-南,20
3,前进一路,5,宝安区,新安二路,2564,湖滨路,256403,674,北-南,20
3,广深公路,5,宝安区,湖滨中路,2573,新安一路,257301,586,南-北,20
3,广深公路,5,宝安区,新安一路,2573,创业一路,257302,1296,南-北,20
3,广深公路,5,宝安区,创业一路,2573,新安五路,257303,1577,南-北,20
3,广深公路,5,宝安区,新安五路,2573,西乡大道,257304,1453,南-北,20
3,广深公路,5,宝安区,西乡大道,2573,宝田二路,257305,1526,南-北,20
3,广深公路,5,宝安区,宝田二路,2573,航城大道,257306,1763,南-北,20
3,广深公路,5,宝安区,航城大道,2573,洲石公路,257307,864,南-北,20
3,广深公路,5,宝安区,洲石公路,2573,机场南路,257308,503,南-北,20
3,广深公路,5,宝安区,机场南路,2573,凯城二路,257309,1402,南-北,20
3,广深公路,5,宝安区,凯城二路,2573,凯城一路,257310,1049,南-北,20
3,广深公路,5,宝安区,凯城一路,2573,兴华路(福永),257311,535,南-北,20
3,广深公路,5,宝安区,兴华路(福永),2573,机场道,257312,708,南-北,20
3,广深公路,5,宝安区,机场道,2573,怀德南路,257313,1092,南-北,20
3,广深公路,5,宝安区,怀德南路,2573,福中路(宝安),257314,770,南-北,20
3,广深公路,5,宝安区,福中路(宝安),2573,翠岗西路,257315,610,南-北,20
3,广深公路,5,宝安区,翠岗西路,2573,福永大道,257316,402,南-北,20
3,广深公路,5,宝安区,福永大道,2573,福海大道,257317,666,南-北,20
3,广深公路,5,宝安区,福海大道,2573,凤塘大道,257318,2078,南-北,20
3,广深公路,5,宝安区,凤塘大道,2573,兴业一路,257319,992,南-北,20
3,广深公路,5,宝安区,兴业一路,2573,南环路,257320,611,南-北,20
3,广深公路,5,宝安区,南环路,2573,创新路,257321,1188,南-北,20
3,广深公路,5,宝安区,创新路,2573,新沙路(沙井),257322,810,南-北,20
3,广深公路,5,宝安区,新沙路(沙井),2573,北环路,257323,782,南-北,20
3,广深公路,5,宝安区,北环路,2573,芙蓉路,257324,1428,南-北,20
3,广深公路,5,宝安区,芙蓉路,2573,松裕路,257325,1362,南-北,20
3,广深公路,5,宝安区,松裕路,2573,东方大道,257326,612,南-北,20
3,广深公路,5,宝安区,东方大道,2573,松明大道,257327,840,南-北,20
3,广深公路,5,宝安区,松明大道,2573,沙江东路,257328,978,南-北,20
3,广深公路,5,宝安区,沙江东路,2573,松福大道,257329,1196,南-北,20
3,广深公路,5,宝安区,松福大道,2573,宝安大道,257330,1408,南-北,20
3,广深公路,5,宝安区,宝安大道,2574,松福大道,257401,889,北-南,20
3,广深公路,5,宝安区,松福大道,2574,沙江东路,257402,1968,北-南,20
3,广深公路,5,宝安区,沙江东路,2574,松明大道,257403,1117,北-南,20
3,广深公路,5,宝安区,松明大道,2574,东方大道,257404,721,北-南,20
3,广深公路,5,宝安区,东方大道,2574,松裕路,257405,983,北-南,20
3,广深公路,5,宝安区,松裕路,2574,芙蓉路,257406,884,北-南,20
3,广深公路,5,宝安区,芙蓉路,2574,北环路,257407,1405,北-南,20
3,广深公路,5,宝安区,北环路,2574,新沙路(沙井),257408,830,北-南,20
3,广深公路,5,宝安区,新沙路(沙井),2574,创新路,257409,839,北-南,20
3,广深公路,5,宝安区,创新路,2574,南环路,257410,1107,北-南,20
3,广深公路,5,宝安区,南环路,2574,兴业一路,257411,1132,北-南,20
3,广深公路,5,宝安区,兴业一路,2574,凤塘大道,257412,741,北-南,20
3,广深公路,5,宝安区,凤塘大道,2574,福海大道,257413,1463,北-南,20
3,广深公路,5,宝安区,福海大道,2574,福永大道,257414,779,北-南,20
3,广深公路,5,宝安区,福永大道,2574,翠岗西路,257415,889,北-南,20
3,广深公路,5,宝安区,翠岗西路,2574,福中路(宝安),257416,528,北-南,20
3,广深公路,5,宝安区,福中路(宝安),2574,怀德南路,257417,394,北-南,20
3,广深公路,5,宝安区,怀德南路,2574,机场道,257418,1264,北-南,20
3,广深公路,5,宝安区,机场道,2574,兴华路(福永),257419,554,北-南,20
3,广深公路,5,宝安区,兴华路(福永),2574,凯城一路,257420,744,北-南,20
3,广深公路,5,宝安区,凯城一路,2574,凯城二路,257421,841,北-南,20
3,广深公路,5,宝安区,凯城二路,2574,机场南路,257422,1510,北-南,20
3,广深公路,5,宝安区,机场南路,2574,洲石公路,257423,690,北-南,20
3,广深公路,5,宝安区,洲石公路,2574,航城大道,257424,854,北-南,20
3,广深公路,5,宝安区,航城大道,2574,宝田二路,257425,1948,北-南,20
3,广深公路,5,宝安区,宝田二路,2574,西乡大道,257426,1180,北-南,20
3,广深公路,5,宝安区,西乡大道,2574,新安五路,257427,1567,北-南,20
3,广深公路,5,宝安区,新安五路,2574,创业一路,257428,1685,北-南,20
3,广深公路,5,宝安区,创业一路,2574,新安一路,257429,1006,北-南,20
3,广深公路,5,宝安区,新安一路,2574,湖滨中路,257430,548,北-南,20
4,固戍一路,5,宝安区,宝安大道,2851,文昌路,258102,1168,东-西,15
4,坣岗大道,5,宝安区,新沙路(沙井),2583,岗头路,258301,750,南-北,15
4,坣岗大道,5,宝安区,岗头路,2584,新沙路(沙井),258401,742,北-南,15
3,站前路,8,坪山区,丹梓西路,2591,深汕路,259101,2027,东-西,20
3,站前路,8,坪山区,深汕路,2592,丹梓西路,259201,2053,西-东,20
4,宝华路,5,宝安区,海天路,2603,创业一路,260301,844,南-北,15
4,宝华路,5,宝安区,创业一路,2604,海天路,260401,842,北-南,15
4,宝民二路,5,宝安区,新安五路,2613,流塘路,261301,628,南-北,15
4,宝民二路,5,宝安区,流塘路,2613,西乡大道,261302,869,南-北,15
4,宝民二路,5,宝安区,西乡大道,2613,宝田一路,261303,770,南-北,15
4,宝民二路,5,宝安区,宝田一路,2613,宝田二路,261304,612,南-北,15
4,宝民二路,5,宝安区,宝田二路,2614,宝田一路,261401,623,北-南,15
4,宝民二路,5,宝安区,宝田一路,2614,西乡大道,261402,767,北-南,15
4,宝民二路,5,宝安区,西乡大道,2614,流塘路,261403,872,北-南,15
4,宝民二路,5,宝安区,流塘路,2614,新安五路,261404,628,北-南,15
4,宝民一路,5,宝安区,新安一路,2623,兴华二路,262301,728,南-北,15
4,宝民一路,5,宝安区,兴华二路,2623,创业二路,262302,457,南-北,15
4,宝民一路,5,宝安区,创业二路,2623,裕安二路,262303,487,南-北,15
4,宝民一路,5,宝安区,裕安二路,2623,上川路,262304,552,南-北,15
4,宝民一路,5,宝安区,上川路,2623,新安五路,262305,592,南-北,15
4,宝民一路,5,宝安区,新安五路,2624,上川路,262401,592,北-南,15
4,宝民一路,5,宝安区,上川路,2624,裕安二路,262402,549,北-南,15
4,宝民一路,5,宝安区,裕安二路,2624,创业二路,262403,472,北-南,15
4,宝民一路,5,宝安区,创业二路,2624,兴华二路,262404,476,北-南,15
4,宝民一路,5,宝安区,兴华二路,2624,新安一路,262405,728,北-南,15
4,宝田二路,5,宝安区,前进二路,2631,广深公路,263101,553,东-西,15
4,宝田二路,5,宝安区,广深公路,2632,前进二路,263201,555,西-东,15
4,宝田一路,5,宝安区,水库路,2651,前进二路,265101,1371,东-西,15
4,宝田一路,5,宝安区,前进二路,2651,广深公路,265102,540,东-西,15
4,宝田一路,5,宝安区,广深公路,2652,前进二路,265201,541,西-东,15
4,宝田一路,5,宝安区,前进二路,2652,水库路,265202,1369,西-东,15
4,宝兴路,5,宝安区,海天路,2663,创业一路,266301,854,南-北,15
4,宝兴路,5,宝安区,创业一路,2664,海天路,266401,857,北-南,15
4,边检路,3,南山区,深南大道,2673,前进一路,267301,663,南-北,15
4,边检路,5,宝安区,前进一路,2673,广深高速公路,267302,1728,南-北,15
4,边检路,5,宝安区,广深高速公路,2673,留仙二路,267303,471,南-北,15
4,边检路,5,宝安区,留仙二路,2673,留仙三路,267304,330,南-北,15
4,边检路,5,宝安区,留仙三路,2674,留仙二路,267401,330,北-南,15
4,边检路,5,宝安区,留仙二路,2674,广深高速公路,267402,471,北-南,15
4,边检路,5,宝安区,广深高速公路,2674,前进一路,267403,1728,北-南,15
4,边检路,3,南山区,前进一路,2674,深南大道,267404,663,北-南,15
4,朝阳路,5,宝安区,河堤路,2693,广田路,269301,1055,南-北,15
4,朝阳路,5,宝安区,广田路,2693,红湖路,269302,1618,南-北,15
4,朝阳路,5,宝安区,红湖路,2694,广田路,269401,1618,北-南,15
4,朝阳路,5,宝安区,广田路,2694,河堤路,269402,1055,北-南,15
4,翠岗西路,5,宝安区,广深公路,2701,怀德南路,270101,874,东-西,15
4,翠岗西路,5,宝安区,怀德南路,2701,宝安大道,270102,763,东-西,15
4,翠岗西路,5,宝安区,宝安大道,2702,怀德南路,270201,750,西-东,15
4,翠岗西路,5,宝安区,怀德南路,2702,广深公路,270202,879,西-东,15
4,大宝路,5,宝安区,洪浪南路,2713,洪浪北路,271301,577,南-北,15
4,大宝路,5,宝安区,洪浪北路,2713,创业二路,271302,472,南-北,15
4,大宝路,5,宝安区,创业二路,2713,上川路,271303,851,南-北,15
4,大宝路,5,宝安区,上川路,2714,创业二路,271401,851,北-南,15
4,大宝路,5,宝安区,创业二路,2714,洪浪北路,271402,472,北-南,15
4,大埔路,5,宝安区,北环路,2723,新和大道,272301,1084,南-北,15
4,大埔路,5,宝安区,新和大道,2724,北环路,272401,1083,北-南,15
4,大洋路,5,宝安区,凤塘大道,2731,立新路,273101,2495,东-西,15
4,大洋路,5,宝安区,立新路,2732,凤塘大道,273201,2503,西-东,15
4,帝堂路,5,宝安区,西环路(沙井),2741,锦程路,274101,2099,东-西,15
4,帝堂路,5,宝安区,锦程路,2742,西环路(沙井),274201,2109,西-东,15
4,东方大道,5,宝安区,根玉路,2751,田园路,275101,1062,东-西,15
4,东方大道,5,宝安区,田园路,2751,松岗大道,275102,953,东-西,15
4,东方大道,5,宝安区,松岗大道,2751,立业路,275103,609,东-西,15
4,东方大道,5,宝安区,立业路,2751,广深公路,275104,473,东-西,15
4,东方大道,5,宝安区,广深公路,2751,松明大道,275105,960,东-西,15
4,东方大道,5,宝安区,松明大道,2752,广深公路,275201,1234,西-东,15
4,东方大道,5,宝安区,广深公路,2752,立业路,275202,205,西-东,15
4,东方大道,5,宝安区,立业路,2752,松岗大道,275203,620,西-东,15
4,东方大道,5,宝安区,松岗大道,2752,田园路,275204,922,西-东,15
4,东方大道,5,宝安区,田园路,2752,根玉路,275205,1087,西-东,15
4,东环路,5,宝安区,南浦路,2763,黄埔路,276301,624,南-北,15
4,东环路,5,宝安区,黄埔路,2763,新沙路(沙井),276302,1160,南-北,15
4,东环路,5,宝安区,新沙路(沙井),2763,北环路,276303,1185,南-北,15
4,东环路,5,宝安区,北环路,2764,新沙路(沙井),276401,1231,北-南,15
4,东环路,5,宝安区,新沙路(沙井),2764,黄埔路,276402,1161,北-南,15
4,东环路,5,宝安区,黄埔路,2764,南浦路,276403,624,北-南,15
4,翻身路,5,宝安区,湖滨中路,2773,新安一路,277301,543,南-北,15
4,翻身路,5,宝安区,新安一路,2773,兴华一路,277302,700,南-北,15
4,翻身路,5,宝安区,兴华一路,2773,创业一路,277303,456,南-北,15
4,翻身路,5,宝安区,创业一路,2773,裕安一路,277304,490,南-北,15
4,翻身路,5,宝安区,裕安一路,2773,上川一路,277305,593,南-北,15
4,翻身路,5,宝安区,上川一路,2773,新安五路,277306,567,南-北,15
4,翻身路,5,宝安区,新安五路,2774,上川一路,277401,570,北-南,15
4,翻身路,5,宝安区,上川一路,2774,裕安一路,277402,593,北-南,15
4,翻身路,5,宝安区,裕安一路,2774,创业一路,277403,490,北-南,15
4,翻身路,5,宝安区,创业一路,2774,兴华一路,277404,447,北-南,15
4,翻身路,5,宝安区,兴华一路,2774,新安一路,277405,709,北-南,15
4,翻身路,5,宝安区,新安一路,2774,湖滨中路,277406,543,北-南,15
4,福凤路,5,宝安区,凤凰山大道,2781,福永大道,278101,1290,东-西,15
4,福凤路,5,宝安区,福永大道,2782,凤凰山大道,278201,1307,西-东,15
4,福永大道,5,宝安区,福凤路,2791,广深公路,279101,1132,东-西,15
4,福永大道,5,宝安区,广深公路,2791,政丰南路,279102,743,东-西,15
4,福永大道,5,宝安区,政丰南路,2791,怀德南路,279103,545,东-西,15
4,福永大道,5,宝安区,怀德南路,2791,宝安大道,279104,979,东-西,15
4,福永大道,5,宝安区,宝安大道,2792,怀德南路,279201,976,西-东,15
4,福永大道,5,宝安区,怀德南路,2792,政丰南路,279202,547,西-东,15
4,福永大道,5,宝安区,政丰南路,2792,广深公路,279203,736,西-东,15
4,福永大道,5,宝安区,广深公路,2792,福凤路,279204,1132,西-东,15
4,福园一路,5,宝安区,福洲大道（福永）,2803,重庆路,280301,951,南-北,15
4,福园一路,5,宝安区,重庆路,2803,桥和路,280302,588,南-北,15
4,福园一路,5,宝安区,桥和路,2803,荔园路(福永),280303,919,南-北,15
4,福园一路,5,宝安区,荔园路(福永),2803,凤塘大道,280304,494,南-北,15
4,福园一路,5,宝安区,凤塘大道,2803,兴业西路,280305,638,南-北,15
4,福园一路,5,宝安区,兴业西路,2804,凤塘大道,280401,638,北-南,15
4,福园一路,5,宝安区,凤塘大道,2804,荔园路(福永),280402,494,北-南,15
4,福园一路,5,宝安区,荔园路(福永),2804,桥和路,280403,919,北-南,15
4,福园一路,5,宝安区,桥和路,2804,重庆路,280404,575,北-南,15
4,福园一路,5,宝安区,重庆路,2804,福洲大道（福永）,280405,964,北-南,15
4,岗胜路,5,宝安区,岗头路,2811,环镇路,281101,857,东-西,15
4,岗胜路,5,宝安区,环镇路,2812,岗头路,281201,857,西-东,15
4,岗头路,5,宝安区,坣岗大道,2823,北环路,282301,1222,南-北,15
4,岗头路,5,宝安区,北环路,2824,坣岗大道,282401,1228,北-南,15
4,共和工业路,5,宝安区,西乡大道,2831,银田工业路,283101,1262,东-西,15
4,共和工业路,5,宝安区,银田工业路,2832,西乡大道,283201,1262,西-东,15
4,共乐路,5,宝安区,新湖路,2841,宝源路,284101,489,东-西,15
4,共乐路,5,宝安区,宝源路,2841,兴业路,284102,876,东-西,15
4,共乐路,5,宝安区,兴业路,2842,宝源路,284201,877,西-东,15
4,共乐路,5,宝安区,宝源路,2842,新湖路,284202,489,西-东,15
4,固戍一路,5,宝安区,广深公路,2851,宝安大道,285101,2014,东-西,15
4,固戍一路,5,宝安区,文昌路,2852,宝安大道,285201,1168,西-东,15
4,固戍一路,5,宝安区,宝安大道,2852,广深公路,285202,2014,西-东,15
4,国泰路,5,宝安区,松白路,2861,塘头大道,286101,692,东-西,15
4,国泰路,5,宝安区,塘头大道,2862,松白路,286201,692,西-东,15
4,海城路,5,宝安区,宝安大道,2871,新湖路,287101,569,东-西,15
4,海城路,5,宝安区,新湖路,2871,宝源路,287102,454,东-西,15
4,海城路,5,宝安区,宝源路,2871,兴业路,287103,609,东-西,15
4,海城路,5,宝安区,兴业路,2871,海宾大道,287104,446,东-西,15
4,海城路,5,宝安区,海宾大道,2872,兴业路,287201,446,西-东,15
4,海城路,5,宝安区,兴业路,2872,宝源路,287202,596,西-东,15
4,海城路,5,宝安区,宝源路,2872,新湖路,287203,466,西-东,15
4,海城路,5,宝安区,新湖路,2872,宝安大道,287204,573,西-东,15
4,海天路,5,宝安区,新安西路,2881,兴华一路,288101,585,东-西,15
4,海天路,5,宝安区,兴华一路,2881,宝兴路,288102,550,东-西,15
4,海天路,5,宝安区,宝兴路,2882,兴华一路,288201,547,西-东,15
4,海天路,5,宝安区,兴华一路,2882,新安西路,288202,579,西-东,15
4,海秀路,5,宝安区,新安西路,2891,兴华一路,289101,734,东-西,15
4,海秀路,5,宝安区,兴华一路,2891,兴业路,289102,719,东-西,15
4,海秀路,5,宝安区,兴业路,2891,沿江高速,289103,686,东-西,15
4,海秀路,5,宝安区,沿江高速,2892,兴业路,289201,704,西-东,15
4,海秀路,5,宝安区,兴业路,2892,兴华一路,289202,701,西-东,15
4,海秀路,5,宝安区,兴华一路,2892,新安西路,289203,714,西-东,15
4,航城大道,5,宝安区,前进二路,2901,广深公路,290101,290,东-西,15
4,航城大道,5,宝安区,广深公路,2901,宝安大道,290102,1543,东-西,15
4,航城大道,5,宝安区,宝安大道,2901,宝源路,290103,1359,东-西,15
4,航城大道,5,宝安区,宝源路,2902,宝安大道,290201,1340,西-东,15
4,航城大道,5,宝安区,宝安大道,2902,广深公路,290202,1561,西-东,15
4,航城大道,5,宝安区,广深公路,2902,前进二路,290203,291,西-东,15
4,豪业路,5,宝安区,宝安大道,2911,永福路,291101,460,东-西,15
4,豪业路,5,宝安区,永福路,2911,永和路,291102,900,东-西,15
4,豪业路,5,宝安区,永和路,2911,松福大道,291103,461,东-西,15
4,豪业路,5,宝安区,松福大道,2911,福园一路,291104,775,东-西,15
4,豪业路,5,宝安区,福园一路,2912,松福大道,291201,771,西-东,15
4,豪业路,5,宝安区,松福大道,2912,永和路,291202,462,西-东,15
4,豪业路,5,宝安区,永和路,2912,永福路,291203,900,西-东,15
4,豪业路,5,宝安区,永福路,2912,宝安大道,291204,459,西-东,15
4,和秀西路,5,宝安区,永和路,2921,松福大道,292101,326,东-西,15
4,和秀西路,5,宝安区,松福大道,2921,福园一路,292102,776,东-西,15
4,和秀西路,5,宝安区,福园一路,2922,松福大道,292201,776,西-东,15
4,和秀西路,5,宝安区,松福大道,2922,永和路,292202,325,西-东,15
4,河滨南路,5,宝安区,吉祥路(石岩),2931,如意路(石岩),293101,368,东-西,15
4,河滨南路,5,宝安区,如意路(石岩),2931,宝石南路,293102,508,东-西,15
4,河滨南路,5,宝安区,宝石南路,2932,如意路(石岩),293201,508,西-东,15
4,河滨南路,5,宝安区,如意路(石岩),2932,吉祥路(石岩),293202,365,西-东,15
4,河堤路,7,光明新区,公常路,2941,西田路,294101,2430,东-西,15
4,河堤路,7,光明新区,西田路,2941,下村路,294102,1106,东-西,15
4,河堤路,7,光明新区,下村路,2941,象山大道,294103,978,东-西,15
4,河堤路,5,宝安区,象山大道,2941,朝阳路,294104,1483,东-西,15
4,河堤路,5,宝安区,朝阳路,2942,象山大道,294201,1492,西-东,15
4,河堤路,7,光明新区,象山大道,2942,下村路,294202,968,西-东,15
4,河堤路,7,光明新区,下村路,2942,西田路,294203,1100,西-东,15
4,河堤路,7,光明新区,西田路,2942,公常路,294204,2430,西-东,15
4,洪浪北二路,5,宝安区,留仙三路,2951,留仙二路,295101,583,东-西,15
4,洪浪北二路,5,宝安区,留仙二路,2951,留仙一路,295102,463,东-西,15
4,洪浪北二路,5,宝安区,留仙一路,2952,留仙二路,295201,454,西-东,15
4,洪浪北二路,5,宝安区,留仙二路,2952,留仙三路,295202,595,西-东,15
4,洪浪北路,5,宝安区,大宝路,2961,新安二路,296101,483,东-西,15
4,洪浪北路,5,宝安区,新安二路,2962,大宝路,296201,482,西-东,15
4,洪浪南路,5,宝安区,新安二路,2972,大宝路,297201,863,西-东,15
4,红湖路,5,宝安区,朝阳路,2981,广田路,298101,2233,东-西,15
4,红湖路,5,宝安区,广田路,2982,朝阳路,298201,2218,西-东,15
4,红巷工业路,5,宝安区,东环路,2993,广深公路,299301,797,南-北,15
4,红巷工业路,5,宝安区,广深公路,2994,东环路,299401,797,北-南,15
4,湖滨路,5,宝安区,前进一路,3001,广深公路,300101,713,东-西,15
4,湖滨路,5,宝安区,广深公路,3002,前进一路,300201,713,西-东,15
4,湖滨中路,5,宝安区,广深公路,3011,宝安大道,301101,907,东-西,15
4,湖滨中路,5,宝安区,宝安大道,3012,广深公路,301201,895,西-东,15
4,怀德南路,5,宝安区,广深公路,3023,福中路(宝安),302301,663,南-北,15
4,怀德南路,5,宝安区,福中路(宝安),3023,翠岗西路,302302,524,南-北,15
4,怀德南路,5,宝安区,翠岗西路,3023,福永大道,302303,377,南-北,15
4,怀德南路,5,宝安区,福永大道,3024,翠岗西路,302401,375,北-南,15
4,怀德南路,5,宝安区,翠岗西路,3024,福中路(宝安),302402,533,北-南,15
4,怀德南路,5,宝安区,福中路(宝安),3024,广深公路,302403,677,北-南,15
4,环镇路,5,宝安区,南环路,3033,沙中路,303301,814,南-北,15
4,环镇路,5,宝安区,沙中路,3033,新沙路(沙井),303302,1112,南-北,15
4,环镇路,5,宝安区,新沙路(沙井),3033,岗胜路,303303,1258,南-北,15
4,环镇路,5,宝安区,岗胜路,3033,北环路,303304,447,南-北,15
4,环镇路,5,宝安区,北环路,3033,新和大道,303305,829,南-北,15
4,环镇路,5,宝安区,新和大道,3034,北环路,303401,830,北-南,15
4,环镇路,5,宝安区,北环路,3034,岗胜路,303402,446,北-南,15
4,环镇路,5,宝安区,岗胜路,3034,新沙路(沙井),303403,1261,北-南,15
4,环镇路,5,宝安区,新沙路(沙井),3034,沙中路,303404,1111,北-南,15
4,环镇路,5,宝安区,沙中路,3034,南环路,303405,810,北-南,15
4,黄埔路,5,宝安区,东环路,3041,广深公路,304101,1073,东-西,15
4,黄埔路,5,宝安区,广深公路,3042,东环路,304201,1077,西-东,15
4,甲岸路,5,宝安区,广深公路,3051,宝安大道,305101,832,东-西,15
4,甲岸路,5,宝安区,宝安大道,3051,新湖路,305102,610,东-西,15
4,甲岸路,5,宝安区,新湖路,3051,海天路,305103,486,东-西,15
4,甲岸路,5,宝安区,新湖路,3052,宝安大道,305202,615,西-东,15
4,甲岸路,5,宝安区,宝安大道,3052,广深公路,305203,832,西-东,15
4,甲岸南路,5,宝安区,宝兴路,3061,沿江高速,306101,599,东-西,15
4,甲岸南路,5,宝安区,沿江高速,3062,宝兴路,306201,594,西-东,15
4,建安二路,5,宝安区,新安五路,3073,流塘路,307301,624,南-北,15
4,建安二路,5,宝安区,流塘路,3073,庄边路,307302,527,南-北,15
4,建安二路,5,宝安区,庄边路,3074,流塘路,307401,535,北-南,15
4,建安二路,5,宝安区,流塘路,3074,新安五路,307402,618,北-南,15
4,建安一路,5,宝安区,新安二路,3083,兴华二路,308301,708,南-北,15
4,建安一路,5,宝安区,兴华二路,3083,创业二路,308302,451,南-北,15
4,建安一路,5,宝安区,创业二路,3083,裕安二路,308303,504,南-北,15
4,建安一路,5,宝安区,裕安二路,3083,上川路,308304,550,南-北,15
4,建安一路,5,宝安区,上川路,3083,新安四路,308305,589,南-北,15
4,建安一路,5,宝安区,新安四路,3084,上川路,308401,589,北-南,15
4,建安一路,5,宝安区,上川路,3084,裕安二路,308402,552,北-南,15
4,建安一路,5,宝安区,裕安二路,3084,创业二路,308403,513,北-南,15
4,建安一路,5,宝安区,创业二路,3084,兴华二路,308404,442,北-南,15
4,建安一路,5,宝安区,兴华二路,3084,新安二路,308405,707,北-南,15
4,金海路,5,宝安区,宝安大道,3091,新湖路,309101,553,东-西,15
4,金海路,5,宝安区,新湖路,3092,宝安大道,309201,555,西-东,15
4,金沙二路,5,宝安区,沙井路,3101,万安路,310101,335,东-西,15
4,金沙二路,5,宝安区,万安路,3102,沙井路,310201,336,西-东,15
4,锦程路,5,宝安区,兴业西路,3113,南环路,311301,1240,南-北,15
4,锦程路,5,宝安区,南环路,3113,万安路,311302,661,南-北,15
4,锦程路,5,宝安区,万安路,3113,新沙路(沙井),311303,684,南-北,15
4,锦程路,5,宝安区,新沙路(沙井),3113,民主大道,311304,425,南-北,15
4,锦程路,5,宝安区,民主大道,3113,蚝乡路,311305,678,南-北,15
4,锦程路,5,宝安区,蚝乡路,3113,北环路,311306,928,南-北,15
4,锦程路,5,宝安区,北环路,3114,蚝乡路,311401,925,北-南,15
4,锦程路,5,宝安区,蚝乡路,3114,民主大道,311402,686,北-南,15
4,锦程路,5,宝安区,民主大道,3114,新沙路(沙井),311403,433,北-南,15
4,锦程路,5,宝安区,新沙路(沙井),3114,万安路,311404,674,北-南,15
4,锦程路,5,宝安区,万安路,3114,南环路,311405,652,北-南,15
4,锦程路,5,宝安区,南环路,3114,兴业西路,311406,1235,北-南,15
4,立业路,5,宝安区,东方大道,3153,楼岗大道,315301,518,南-北,15
4,立业路,5,宝安区,楼岗大道,3153,松白路,315302,566,南-北,15
4,立业路,5,宝安区,松白路,3154,楼岗大道,315401,565,北-南,15
4,立业路,5,宝安区,楼岗大道,3154,东方大道,315402,517,北-南,15
4,留仙二路,5,宝安区,边检路,3163,洪浪北二路,316301,669,南-北,15
4,留仙二路,5,宝安区,洪浪北二路,3163,创业二路,316302,476,南-北,15
4,留仙二路,5,宝安区,创业二路,3163,上川路,316303,416,南-北,15
4,留仙二路,5,宝安区,上川路,3164,创业二路,316401,416,北-南,15
4,留仙二路,5,宝安区,创业二路,3164,洪浪北二路,316402,476,北-南,15
4,留仙二路,5,宝安区,洪浪北二路,3164,边检路,316403,670,北-南,15
4,留仙一路,5,宝安区,边检路,3173,洪浪北二路,317301,603,南-北,15
4,留仙一路,5,宝安区,洪浪北二路,3173,创业二路,317302,490,南-北,15
4,留仙一路,5,宝安区,创业二路,3173,上川路,317303,850,南-北,15
4,留仙一路,5,宝安区,上川路,3174,创业二路,317401,855,北-南,15
4,留仙一路,5,宝安区,创业二路,3174,洪浪北二路,317402,490,北-南,15
4,留仙一路,5,宝安区,洪浪北二路,3174,边检路,317403,603,北-南,15
4,流塘路,5,宝安区,公园路(新安),3181,前进二路,318101,950,东-西,15
4,流塘路,5,宝安区,前进二路,3181,广深公路,318102,891,东-西,15
4,流塘路,5,宝安区,广深公路,3182,前进二路,318201,877,西-东,15
4,流塘路,5,宝安区,前进二路,3182,公园路(新安),318202,958,西-东,15
4,龙腾路,5,宝安区,机荷高速公路,3193,育才路,319301,459,南-北,15
4,龙腾路,5,宝安区,育才路,3194,机荷高速公路,319401,459,北-南,15
4,罗田路,5,宝安区,宝源南路,3201,沿江高速,320101,922,东-西,15
4,罗田路,5,宝安区,沿江高速,3202,宝源南路,320201,922,西-东,15
4,罗租路,5,宝安区,育才路,3211,宝石南路,321101,726,东-西,15
4,罗租路,5,宝安区,宝石南路,3212,育才路,321201,726,西-东,15
4,民主大道,5,宝安区,西环路(沙井),3221,锦程路,322101,2644,东-西,15
4,民主大道,5,宝安区,锦程路,3222,西环路(沙井),322201,2635,西-东,15
4,南浦路,5,宝安区,广深高速公路,3241,东环路,324101,579,东-西,15
4,南浦路,5,宝安区,东环路,3241,广深公路,324102,1096,东-西,15
4,南浦路,5,宝安区,广深公路,3242,东环路,324201,1099,西-东,15
4,南浦路,5,宝安区,东环路,3242,广深高速公路,324202,576,西-东,15
4,桥和路,5,宝安区,宝安大道,3251,永福路,325101,1117,东-西,15
4,桥和路,5,宝安区,永福路,3251,永和路,325102,922,东-西,15
4,桥和路,5,宝安区,永和路,3251,松福大道,325103,369,东-西,15
4,桥和路,5,宝安区,松福大道,3251,沿江高速,325104,776,东-西,15
4,桥和路,5,宝安区,沿江高速,3252,松福大道,325201,776,西-东,15
4,桥和路,5,宝安区,松福大道,3252,永和路,325202,369,西-东,15
4,桥和路,5,宝安区,永和路,3252,永福路,325203,909,西-东,15
4,桥和路,5,宝安区,永福路,3252,宝安大道,325204,1140,西-东,15
4,桥塘路,5,宝安区,桥和路,3263,荔园路(福永),326301,848,南-北,15
4,桥塘路,5,宝安区,荔园路(福永),3263,凤塘大道,326302,424,南-北,15
4,桥塘路,5,宝安区,凤塘大道,3264,荔园路(福永),326401,427,北-南,15
4,桥塘路,5,宝安区,荔园路(福永),3264,桥和路,326402,845,北-南,15
4,沙中路,5,宝安区,环镇路,3271,沙井路,327101,924,东-西,15
4,沙中路,5,宝安区,沙井路,3272,环镇路,327201,924,西-东,15
4,上川路,5,宝安区,宝石路,3281,留仙二路,328101,597,东-西,15
4,上川路,5,宝安区,留仙二路,3281,留仙一路,328102,636,东-西,15
4,上川路,5,宝安区,留仙一路,3281,新安四路,328103,771,东-西,15
4,上川路,5,宝安区,新安四路,3281,前进一路,328104,914,东-西,15
4,上川路,5,宝安区,前进一路,3281,宝民一路,328105,717,东-西,15
4,上川路,5,宝安区,宝民一路,3282,前进一路,328201,707,西-东,15
4,上川路,5,宝安区,前进一路,3282,新安四路,328202,928,西-东,15
4,上川路,5,宝安区,新安四路,3282,留仙一路,328203,771,西-东,15
4,上川路,5,宝安区,留仙一路,3282,留仙二路,328204,636,西-东,15
4,上川路,5,宝安区,留仙二路,3282,宝石路,328205,596,西-东,15
4,上屋大道,5,宝安区,宝石东路,3293,石岩北环路,329301,1051,南-北,15
4,上屋大道,5,宝安区,石岩北环路,3294,宝石东路,329401,1050,北-南,15
4,上星南路,5,宝安区,广深公路,3301,公园南路(宝安),330101,640,东-西,15
4,上星南路,5,宝安区,公园南路(宝安),3302,广深公路,330201,640,西-东,15
4,石龙大道,5,宝安区,石观路,3313,龙大高速公路,331301,1421,南-北,15
4,石龙大道,5,宝安区,龙大高速公路,3314,石观路,331401,1423,北-南,15
4,水库路,5,宝安区,尖岗山大道,3321,宝田路,332101,382,东-西,15
4,水库路,5,宝安区,宝田路,3322,尖岗山大道,332201,382,西-东,15
4,松岗大道,5,宝安区,芙蓉路,3333,华美路,333301,702,南-北,15
4,松岗大道,5,宝安区,华美路,3333,东方大道,333302,995,南-北,15
4,松岗大道,5,宝安区,东方大道,3333,楼岗大道,333303,690,南-北,15
4,松岗大道,5,宝安区,楼岗大道,3333,松白路,333304,1025,南-北,15
4,松岗大道,5,宝安区,松白路,3334,楼岗大道,333401,1014,北-南,15
4,松岗大道,5,宝安区,楼岗大道,3334,东方大道,333402,676,北-南,15
4,松岗大道,5,宝安区,东方大道,3334,华美路,333403,888,北-南,15
4,松岗大道,5,宝安区,华美路,3334,芙蓉路,333404,818,北-南,15
4,松河北路,5,宝安区,松瑞路,3341,宝安大道,334101,1109,东-西,15
4,松河北路,5,宝安区,宝安大道,3341,广深高速公路,334102,924,东-西,15
4,松河北路,5,宝安区,广深高速公路,3342,宝安大道,334201,924,西-东,15
4,松河北路,5,宝安区,宝安大道,3342,松瑞路,334202,1109,西-东,15
4,甲岸路,5,宝安区,海天路,3052,新湖路,305201,483,西-东,15
4,松罗路,5,宝安区,松白路,3353,沙江东路,335301,1020,南-北,15
4,松罗路,5,宝安区,沙江东路,3353,燕罗公路,335302,1882,南-北,15
4,松罗路,5,宝安区,燕罗公路,3353,广田路,335303,914,南-北,15
4,松罗路,5,宝安区,广田路,3354,燕罗公路,335401,915,北-南,15
4,松罗路,5,宝安区,燕罗公路,3354,沙江东路,335402,1872,北-南,15
4,松罗路,5,宝安区,沙江东路,3354,松白路,335403,1027,北-南,15
4,松瑞路,5,宝安区,广深高速公路,3363,松明大道,336301,1175,南-北,15
4,松瑞路,5,宝安区,松明大道,3363,沙江路,336302,690,南-北,15
4,松瑞路,5,宝安区,沙江路,3364,松明大道,336401,701,北-南,15
4,松瑞路,5,宝安区,松明大道,3364,广深高速公路,336402,1150,北-南,15
4,松裕路,5,宝安区,广深公路,3371,广深高速公路,337101,1125,东-西,15
4,松裕路,5,宝安区,广深高速公路,3372,广深公路,337201,1112,西-东,15
4,塘头大道,5,宝安区,松白路,3383,机荷高速公路,338301,916,南-北,15
4,塘头大道,5,宝安区,机荷高速公路,3383,洲石公路,338302,1671,南-北,15
4,塘头大道,5,宝安区,洲石公路,3384,机荷高速公路,338401,1670,北-南,15
4,塘头大道,5,宝安区,机荷高速公路,3384,松白路,338402,926,北-南,15
4,塘下涌工业大道,5,宝安区,洋涌路,3393,广田路,339301,631,南-北,15
4,塘下涌工业大道,5,宝安区,广田路,3393,工业大道,339302,2314,南-北,15
4,塘下涌工业大道,5,宝安区,工业大道,3394,广田路,339401,2321,北-南,15
4,塘下涌工业大道,5,宝安区,广田路,3394,洋涌路,339402,629,北-南,15
3,田心大道,5,宝安区,宝石东路,3413,石岩北环路,341301,959,南-北,20
3,田心大道,5,宝安区,石岩北环路,3414,宝石东路,341401,962,北-南,20
4,通成路,5,宝安区,共和工业路,3421,宝安大道,342101,343,东-西,15
4,通成路,5,宝安区,宝安大道,3422,共和工业路,342201,342,西-东,15
4,万安路,5,宝安区,西环路(沙井),3431,松福大道,343101,1038,东-西,15
4,万安路,5,宝安区,松福大道,3431,锦程路,343102,788,东-西,15
4,万安路,5,宝安区,锦程路,3432,松福大道,343201,788,西-东,15
4,万安路,5,宝安区,松福大道,3432,西环路(沙井),343202,1037,西-东,15
4,文昌路,5,宝安区,固戍一路,3441,宝源路,344101,619,东-西,15
4,文昌路,5,宝安区,宝源路,3442,固戍一路,344201,619,西-东,15
4,象山大道,5,宝安区,河堤路,3453,龙大高速公路,345301,2544,南-北,15
4,象山大道,5,宝安区,龙大高速公路,3454,河堤路,345401,2554,北-南,15
4,新二庄村路,5,宝安区,广深高速公路,3471,东环路,347101,409,东-西,15
4,新二庄村路,5,宝安区,东环路,3472,广深高速公路,347201,412,西-东,15
4,兴华二路,5,宝安区,公园路(新安),3481,前进一路,348101,531,东-西,15
4,兴华二路,5,宝安区,前进一路,3481,宝民一路,348102,702,东-西,15
4,兴华二路,5,宝安区,宝民一路,3482,前进一路,348201,702,西-东,15
4,兴华二路,5,宝安区,前进一路,3482,公园路(新安),348202,531,西-东,15
4,兴华一路,5,宝安区,广深公路,3491,宝安大道,349101,795,东-西,15
4,兴华一路,5,宝安区,宝安大道,3491,新湖路,349102,610,东-西,15
4,兴华一路,5,宝安区,新湖路,3491,海天路,349103,644,东-西,15
4,兴华一路,5,宝安区,海天路,3492,新湖路,349201,636,西-东,15
4,兴华一路,5,宝安区,新湖路,3492,宝安大道,349202,607,西-东,15
4,兴华一路,5,宝安区,宝安大道,3492,广深公路,349203,797,西-东,15
4,兴业西路,5,宝安区,宝安大道,3501,沙井路,350101,1120,东-西,15
4,兴业西路,5,宝安区,沙井路,3501,永福路,350102,580,东-西,15
4,兴业西路,5,宝安区,永福路,3501,松福大道,350103,884,东-西,15
4,兴业西路,5,宝安区,松福大道,3501,沿江高速,350104,782,东-西,15
4,兴业西路,5,宝安区,沿江高速,3502,松福大道,350201,781,西-东,15
4,兴业西路,5,宝安区,松福大道,3502,永福路,350202,898,西-东,15
4,兴业西路,5,宝安区,永福路,3502,沙井路,350203,565,西-东,15
4,兴业西路,5,宝安区,沙井路,3502,宝安大道,350204,1132,西-东,15
4,兴业一路,5,宝安区,广深高速公路,3511,广深公路,351101,1508,东-西,15
4,兴业一路,5,宝安区,广深公路,3512,广深高速公路,351201,1508,西-东,15
4,燕罗公路,5,宝安区,河堤路,3521,松罗路,352101,1186,东-西,15
4,燕罗公路,5,宝安区,松罗路,3522,河堤路,352201,1182,西-东,15
4,洋涌路,5,宝安区,松罗路,3541,众福路,354101,1292,东-西,15
4,洋涌路,5,宝安区,众福路,3541,广深公路,354102,860,东-西,15
4,洋涌路,5,宝安区,广深公路,3542,众福路,354201,858,西-东,15
4,洋涌路,5,宝安区,众福路,3542,松罗路,354202,1292,西-东,15
4,一号路,5,宝安区,新湖路,3551,沿江高速,355101,1242,东-西,15
4,一号路,5,宝安区,沿江高速,3552,新湖路,355201,1242,西-东,15
4,银田路,5,宝安区,宝安大道,3561,新湖路,356101,543,东-西,15
4,银田路,5,宝安区,新湖路,3561,宝源路,356102,485,东-西,15
4,银田路,5,宝安区,宝源路,3561,沿江高速,356103,864,东-西,15
4,银田路,5,宝安区,沿江高速,3562,宝源路,356201,864,西-东,15
4,银田路,5,宝安区,宝源路,3562,新湖路,356202,496,西-东,15
4,银田路,5,宝安区,新湖路,3562,宝安大道,356203,536,西-东,15
4,裕安二路,5,宝安区,广深高速公路,3571,新安三路,357101,608,东-西,15
4,裕安二路,5,宝安区,新安三路,3571,前进一路,357102,906,东-西,15
4,裕安二路,5,宝安区,前进一路,3571,宝民一路,357103,721,东-西,15
4,裕安二路,5,宝安区,宝民一路,3572,前进一路,357201,721,西-东,15
4,裕安二路,5,宝安区,前进一路,3572,新安三路,357202,906,西-东,15
4,裕安二路,5,宝安区,新安三路,3572,广深高速公路,357203,608,西-东,15
4,裕安路,5,宝安区,创业一路,3581,沿江高速,358101,970,东-西,15
4,裕安路,5,宝安区,沿江高速,3582,创业一路,358201,971,西-东,15
4,裕安一路,5,宝安区,广深公路,3591,翻身路,359101,485,东-西,15
4,裕安一路,5,宝安区,翻身路,3591,宝安大道,359102,389,东-西,15
4,裕安一路,5,宝安区,宝安大道,3591,新湖路,359103,615,东-西,15
4,裕安一路,5,宝安区,新湖路,3591,宝源南路,359104,507,东-西,15
4,裕安一路,5,宝安区,宝源南路,3592,新湖路,359201,519,西-东,15
4,裕安一路,5,宝安区,新湖路,3592,宝安大道,359202,624,西-东,15
4,裕安一路,5,宝安区,宝安大道,3592,翻身路,359203,378,西-东,15
4,裕安一路,5,宝安区,翻身路,3592,广深公路,359204,476,西-东,15
4,政丰南路,5,宝安区,福中路(宝安),3603,翠岗西路,360301,530,南-北,15
4,政丰南路,5,宝安区,翠岗西路,3603,福永大道,360302,568,南-北,15
4,政丰南路,5,宝安区,福永大道,3604,翠岗西路,360401,576,北-南,15
4,政丰南路,5,宝安区,翠岗西路,3604,福中路(宝安),360402,518,北-南,15
4,中心路（宝安）,5,宝安区,凤塘大道,3613,南环路,361301,1405,南-北,15
4,中心路（宝安）,5,宝安区,南环路,3613,新沙路(沙井),361302,1901,南-北,15
4,中心路（宝安）,5,宝安区,新沙路(沙井),3613,北环路,361303,1534,南-北,15
4,中心路（宝安）,5,宝安区,北环路,3613,新和大道,361304,711,南-北,15
4,中心路（宝安）,5,宝安区,新和大道,3614,北环路,361401,705,北-南,15
4,中心路（宝安）,5,宝安区,北环路,3614,新沙路(沙井),361402,1548,北-南,15
4,中心路（宝安）,5,宝安区,新沙路(沙井),3614,南环路,361403,1885,北-南,15
4,中心路（宝安）,5,宝安区,南环路,3614,凤塘大道,361404,1414,北-南,15
4,重庆路,5,宝安区,宝安大道,3621,永福路,362101,618,东-西,15
4,重庆路,5,宝安区,永福路,3621,永和路,362102,882,东-西,15
4,重庆路,5,宝安区,永和路,3621,松福大道,362103,423,东-西,15
4,重庆路,5,宝安区,松福大道,3621,沿江高速,362104,776,东-西,15
4,重庆路,5,宝安区,沿江高速,3622,松福大道,362201,776,西-东,15
4,重庆路,5,宝安区,松福大道,3622,永和路,362202,424,西-东,15
4,重庆路,5,宝安区,永和路,3622,永福路,362203,883,西-东,15
4,重庆路,5,宝安区,永福路,3622,宝安大道,362204,588,西-东,15
4,众福路,5,宝安区,洋涌路,3633,广田路,363301,725,南-北,15
4,众福路,5,宝安区,广田路,3634,洋涌路,363401,722,北-南,15
4,庄边路,5,宝安区,前进二路,3641,广深公路,364101,872,东-西,15
4,庄边路,5,宝安区,广深公路,3642,前进二路,364201,872,西-东,15
4,芙蓉大道,5,宝安区,广深高速公路,3653,芙蓉路,365301,1032,南-北,15
4,芙蓉大道,5,宝安区,芙蓉路,3654,广深高速公路,365401,1028,北-南,15
4,芙蓉路,5,宝安区,田园路,3661,松岗大道,366101,1029,东-西,15
4,芙蓉路,5,宝安区,松岗大道,3661,芙蓉西路,366102,1186,东-西,15
4,芙蓉路,5,宝安区,芙蓉西路,3662,松岗大道,366201,1198,西-东,15
4,芙蓉路,5,宝安区,松岗大道,3662,田园路,366202,1023,西-东,15
4,曦城大道,5,宝安区,广盛路,3681,尖岗山大道,368101,1047,东-西,15
4,曦城大道,5,宝安区,尖岗山大道,3682,广盛路,368201,1054,西-东,15
4,蚝乡路,5,宝安区,西环路(沙井),3691,锦程路,369101,1559,东-西,15
4,蚝乡路,5,宝安区,锦程路,3692,西环路(沙井),369201,1559,西-东,15
3,爱南路,6,龙岗区,东升新路,3721,同富路,372101,1022,东-西,20
3,爱南路,6,龙岗区,同富路,3721,深汕路,372102,456,东-西,20
3,爱南路,6,龙岗区,深汕路,3721,龙湖路,372103,568,东-西,20
3,爱南路,6,龙岗区,龙湖路,3721,龙南路,372104,1639,东-西,20
3,爱南路,6,龙岗区,龙南路,3721,碧新路,372105,1325,东-西,20
3,爱南路,6,龙岗区,碧新路,3721,龙城大道,372106,1342,东-西,20
3,爱南路,6,龙岗区,龙城大道,3721,宝荷路,372107,1724,东-西,20
3,爱南路,6,龙岗区,宝荷路,3721,如意路,372108,734,东-西,20
3,爱南路,6,龙岗区,如意路,3721,龙岗大道,372109,1375,东-西,20
3,爱南路,6,龙岗区,龙岗大道,3721,龙翔大道,372110,945,东-西,20
3,爱南路,6,龙岗区,龙翔大道,3722,龙岗大道,372201,1038,西-东,20
3,爱南路,6,龙岗区,龙岗大道,3722,如意路,372202,1314,西-东,20
3,爱南路,6,龙岗区,如意路,3722,宝荷路,372203,727,西-东,20
3,爱南路,6,龙岗区,宝荷路,3722,龙城大道,372204,1713,西-东,20
3,爱南路,6,龙岗区,龙城大道,3722,碧新路,372205,1336,西-东,20
3,爱南路,6,龙岗区,碧新路,3722,龙南路,372206,1322,西-东,20
3,爱南路,6,龙岗区,龙南路,3722,龙湖路,372207,1655,西-东,20
3,爱南路,6,龙岗区,龙湖路,3722,深汕路,372208,567,西-东,20
3,爱南路,6,龙岗区,深汕路,3722,同富路,372209,452,西-东,20
3,爱南路,6,龙岗区,同富路,3722,东升新路,372210,1025,西-东,20
3,坳背路,6,龙岗区,龙岗大道,3731,红棉四路,373101,806,东-西,20
3,坳背路,6,龙岗区,红棉四路,3732,龙岗大道,373201,806,西-东,20
3,丹梓西路,8,坪山区,丹梓大道,3741,坪山大道,374101,4950,东-西,20
3,丹梓西路,8,坪山区,坪山大道,3742,丹梓大道,374201,4336,西-东,20
3,东深路,6,龙岗区,横东岭路,3753,丹平公路,375301,2005,南-北,20
3,东深路,6,龙岗区,丹平公路,3754,横东岭路,375401,2014,北-南,20
3,富坪北路,6,龙岗区,龙岗大道,3773,横坪公路(坪地),377301,617,南-北,20
3,富坪北路,6,龙岗区,横坪公路(坪地),3774,龙岗大道,377401,569,北-南,20
4,国际大道,6,龙岗区,富安大道,3781,华南大道,378101,868,东-西,15
4,国际大道,6,龙岗区,华南大道,3781,平新北路,378102,529,东-西,15
4,国际大道,6,龙岗区,平新北路,3782,华南大道,378201,518,西-东,15
4,国际大道,6,龙岗区,华南大道,3782,富安大道,378202,858,西-东,15
3,红棉三路,6,龙岗区,横坪公路,3791,广达路,379101,636,东-西,20
3,红棉三路,6,龙岗区,广达路,3791,茂盛路,379102,1064,东-西,20
3,红棉三路,6,龙岗区,茂盛路,3791,莲心路,379103,734,东-西,20
3,红棉三路,6,龙岗区,莲心路,3792,茂盛路,379201,723,西-东,20
3,红棉三路,6,龙岗区,茂盛路,3792,广达路,379202,1060,西-东,20
3,红棉三路,6,龙岗区,广达路,3792,横坪公路,379203,654,西-东,20
3,红棉四路,6,龙岗区,坳背路,3801,横坪公路,380101,733,东-西,20
3,红棉四路,6,龙岗区,横坪公路,3802,坳背路,380201,727,西-东,20
3,红棉一路,6,龙岗区,莲心路,3811,康乐路,381101,875,东-西,20
3,红棉一路,6,龙岗区,康乐路,3812,莲心路,381201,872,西-东,20
3,嘉湖路,6,龙岗区,富安大道,3823,平龙路,382301,982,南-北,20
3,嘉湖路,6,龙岗区,平龙路,3824,富安大道,382401,1077,北-南,20
3,教育南路,6,龙岗区,环城南路,3833,龙岗大道,383301,899,南-北,20
3,教育南路,6,龙岗区,龙岗大道,3834,环城南路,383401,899,北-南,20
3,教育中路,6,龙岗区,龙岗大道,3843,吉祥路,384301,891,南-北,20
3,教育中路,6,龙岗区,吉祥路,3844,龙岗大道,384401,894,北-南,20
3,科技园路,6,龙岗区,布澜路,3851,景芬路,385101,1249,东-西,20
3,科技园路,6,龙岗区,景芬路,3851,布龙路,385102,859,东-西,20
3,科技园路,6,龙岗区,布龙路,3852,景芬路,385201,859,西-东,20
3,科技园路,6,龙岗区,景芬路,3852,布澜路,385202,1256,西-东,20
3,龙平西路,6,龙岗区,龙城大道,3861,长兴北路,386101,913,东-西,20
3,龙平西路,6,龙岗区,长兴北路,3861,吉祥路,386102,564,东-西,20
3,龙平西路,6,龙岗区,吉祥路,3861,爱心路,386103,952,东-西,20
3,龙平西路,6,龙岗区,爱心路,3861,黄阁路,386104,1141,东-西,20
3,龙平西路,6,龙岗区,黄阁路,3861,盐龙大道,386105,1248,东-西,20
3,龙平西路,6,龙岗区,盐龙大道,3862,黄阁路,386201,1147,西-东,20
3,龙平西路,6,龙岗区,黄阁路,3862,爱心路,386202,1138,西-东,20
3,龙平西路,6,龙岗区,爱心路,3862,吉祥路,386203,954,西-东,20
3,龙平西路,6,龙岗区,吉祥路,3862,长兴北路,386204,569,西-东,20
3,龙平西路,6,龙岗区,长兴北路,3862,龙城大道,386205,921,西-东,20
3,平安大道,6,龙岗区,良白路,3873,湖田路,387301,894,南-北,20
3,平安大道,6,龙岗区,湖田路,3873,富安大道,387302,1362,南-北,20
3,平安大道,6,龙岗区,富安大道,3874,湖田路,387401,1363,北-南,20
3,平安大道,6,龙岗区,湖田路,3874,良白路,387402,900,北-南,20
3,平吉大道,6,龙岗区,布澜路,3881,平新南路,388101,1898,东-西,20
3,平吉大道,6,龙岗区,平新南路,3882,布澜路,388201,1883,西-东,20
3,平新路,6,龙岗区,平新北路,3893,平龙路,389301,477,南-北,20
3,平新路,6,龙岗区,平龙路,3894,平新北路,389401,479,北-南,20
3,平新南路,6,龙岗区,平吉大道,3903,平新北路,390301,939,南-北,20
3,平新南路,6,龙岗区,平新北路,3904,平吉大道,390401,944,北-南,20
3,坪梓路,6,龙岗区,龙兴北路,3911,富坪中路,391101,1883,东-西,20
3,坪梓路,6,龙岗区,富坪中路,3912,龙兴北路,391201,1882,西-东,20
3,盛宝路,6,龙岗区,丹平快速路,3921,宝冠路,392101,1397,东-西,20
3,盛宝路,6,龙岗区,宝冠路,3921,布澜路,392102,855,东-西,20
3,盛宝路,6,龙岗区,布澜路,3922,宝冠路,392201,844,西-东,20
3,盛宝路,6,龙岗区,宝冠路,3922,丹平快速路,392202,1396,西-东,20
3,雪岗北路,6,龙岗区,坂雪岗大道,3933,冲之大道,393301,1187,南-北,20
3,雪岗北路,6,龙岗区,冲之大道,3933,五和大道,393302,418,南-北,20
3,雪岗北路,9,龙华区,五和大道,3933,清祥路,393303,191,南-北,20
3,雪岗北路,9,龙华区,清祥路,3933,清宁路,393304,506,南-北,20
3,雪岗北路,9,龙华区,清宁路,3934,清祥路,393401,507,北-南,20
3,雪岗北路,9,龙华区,清祥路,3934,五和大道,393402,186,北-南,20
3,雪岗北路,6,龙岗区,五和大道,3934,冲之大道,393403,418,北-南,20
3,雪岗北路,6,龙岗区,冲之大道,3934,坂雪岗大道,393404,1186,北-南,20
3,富坪中路,6,龙岗区,坪梓路,3943,龙岗大道,394301,1801,南-北,20
3,富坪中路,6,龙岗区,龙岗大道,3944,坪梓路,394401,1805,北-南,20
3,环城南路,6,龙岗区,同心中路,3953,教育南路,395301,910,南-北,20
3,环城南路,6,龙岗区,教育南路,3953,龙岗大道,395302,1521,南-北,20
3,环城南路,6,龙岗区,龙岗大道,3954,教育南路,395401,1536,北-南,20
3,环城南路,6,龙岗区,教育南路,3954,同心中路,395402,911,北-南,20
3,丰田路,6,龙岗区,龙岗大道,3961,仙田路,396101,1228,东-西,20
3,丰田路,6,龙岗区,仙田路,3961,碧新路,396102,707,东-西,20
3,丰田路,6,龙岗区,碧新路,3962,仙田路,396201,682,西-东,20
3,丰田路,6,龙岗区,仙田路,3962,龙岗大道,396202,1238,西-东,20
3,碧新路,6,龙岗区,宝荷路,3973,植物园路,397301,593,南-北,20
3,碧新路,6,龙岗区,爱南路,3973,鹏达路,397302,869,南-北,20
3,碧新路,6,龙岗区,鹏达路,3973,龙岗大道,397303,718,南-北,20
3,碧新路,6,龙岗区,龙岗大道,3973,龙园路,397304,548,南-北,20
3,碧新路,6,龙岗区,龙园路,3973,龙平东路,397305,785,南-北,20
3,碧新路,6,龙岗区,龙平东路,3973,新生路,397306,978,南-北,20
3,碧新路,6,龙岗区,新生路,3973,丰田路,397307,384,南-北,20
3,碧新路,6,龙岗区,丰田路,3974,新生路,397401,379,北-南,20
3,碧新路,6,龙岗区,新生路,3974,龙平东路,397402,978,北-南,20
3,碧新路,6,龙岗区,龙平东路,3974,龙园路,397403,802,北-南,20
3,碧新路,6,龙岗区,龙园路,3974,龙岗大道,397404,532,北-南,20
3,碧新路,6,龙岗区,龙岗大道,3974,鹏达路,397405,736,北-南,20
3,碧新路,6,龙岗区,鹏达路,3974,爱南路,397406,865,北-南,20
3,碧新路,6,龙岗区,植物园路,3974,宝荷路,397407,583,北-南,20
3,宝坪路,6,龙岗区,翠宝路,3983,宝荷路,398301,928,南-北,20
3,宝坪路,6,龙岗区,宝荷路,3984,翠宝路,398401,934,北-南,20
3,宝龙大道,6,龙岗区,深汕路,3991,锦龙四路,399101,192,东-西,20
3,宝龙大道,6,龙岗区,锦龙四路,3991,锦龙二路,399102,541,东-西,20
3,宝龙大道,6,龙岗区,锦龙二路,3991,锦龙大道,399103,587,东-西,20
3,宝龙大道,6,龙岗区,锦龙大道,3991,宝龙七路,399104,844,东-西,20
3,宝龙大道,6,龙岗区,宝龙七路,3991,宝龙五路,399105,803,东-西,20
3,宝龙大道,6,龙岗区,宝龙五路,3991,宝龙三路,399106,771,东-西,20
3,宝龙大道,6,龙岗区,宝龙三路,3991,宝荷路,399107,744,东-西,20
3,宝龙大道,6,龙岗区,宝荷路,3992,宝龙三路,399201,752,西-东,20
3,宝龙大道,6,龙岗区,宝龙三路,3992,宝龙五路,399202,770,西-东,20
3,宝龙大道,6,龙岗区,宝龙五路,3992,宝龙七路,399203,804,西-东,20
3,宝龙大道,6,龙岗区,宝龙七路,3992,锦龙大道,399204,863,西-东,20
3,宝龙大道,6,龙岗区,锦龙大道,3992,锦龙二路,399205,585,西-东,20
3,宝龙大道,6,龙岗区,锦龙二路,3992,锦龙四路,399206,527,西-东,20
3,宝龙大道,6,龙岗区,锦龙四路,3992,深汕路,399207,193,西-东,20
3,龙城大道,6,龙岗区,爱南路,4003,龙岗大道,400301,1079,南-北,20
3,龙城大道,6,龙岗区,龙岗大道,4003,龙翔大道,400302,789,南-北,20
3,龙城大道,6,龙岗区,龙翔大道,4003,龙平西路,400303,893,南-北,20
3,龙城大道,6,龙岗区,龙平西路,4003,盐龙大道,400304,728,南-北,20
3,龙城大道,6,龙岗区,盐龙大道,4004,龙平西路,400401,722,北-南,20
3,龙城大道,6,龙岗区,龙平西路,4004,龙翔大道,400402,900,北-南,20
3,龙城大道,6,龙岗区,龙翔大道,4004,龙岗大道,400403,776,北-南,20
3,龙城大道,6,龙岗区,龙岗大道,4004,爱南路,400404,1096,北-南,20
3,宝荷路,6,龙岗区,宝龙一路,4011,碧新路,401101,950,东-西,20
3,宝荷路,6,龙岗区,碧新路,4011,沙荷路,401102,1128,东-西,20
3,宝荷路,6,龙岗区,沙荷路,4011,嶂背路,401103,1059,东-西,20
3,宝荷路,6,龙岗区,嶂背路,4011,爱南路,401104,1419,东-西,20
3,宝荷路,6,龙岗区,爱南路,4012,嶂背路,401203,1419,西-东,20
3,宝荷路,6,龙岗区,嶂背路,4012,沙荷路,401204,1024,西-东,20
3,宝荷路,6,龙岗区,沙荷路,4012,碧新路,401205,1159,西-东,20
3,宝荷路,6,龙岗区,碧新路,4012,宝龙一路,401206,963,西-东,20
3,黄阁路,6,龙岗区,龙翔大道,4023,如意路,402302,1192,南-北,20
3,黄阁路,6,龙岗区,如意路,4023,清辉路,402303,552,南-北,20
3,黄阁路,6,龙岗区,清辉路,4023,清林路,402304,1061,南-北,20
3,黄阁路,6,龙岗区,清林路,4023,龙平西路,402305,896,南-北,20
3,黄阁路,6,龙岗区,龙平西路,4023,盐龙大道,402306,437,南-北,20
3,黄阁路,6,龙岗区,盐龙大道,4024,龙平西路,402401,427,北-南,20
3,黄阁路,6,龙岗区,龙平西路,4024,清林路,402402,893,北-南,20
3,黄阁路,6,龙岗区,清林路,4024,清辉路,402403,1061,北-南,20
3,黄阁路,6,龙岗区,清辉路,4024,如意路,402404,552,北-南,20
3,黄阁路,6,龙岗区,如意路,4024,龙翔大道,402405,1222,北-南,20
3,惠盐北路,6,龙岗区,沙荷路,4033,大康路,403301,1554,南-北,20
3,惠盐北路,6,龙岗区,大康路,4033,龙岗大道,403302,986,南-北,20
3,惠盐北路,6,龙岗区,龙岗大道,4034,大康路,403401,976,北-南,20
3,惠盐北路,6,龙岗区,大康路,4034,沙荷路,403402,1554,北-南,20
3,惠盐中路,6,龙岗区,惠盐南路,4043,惠盐北路,404301,1200,南-北,20
3,惠盐中路,6,龙岗区,惠盐北路,4044,惠盐南路,404401,1205,北-南,20
3,布沙路,6,龙岗区,丹平快速路,4061,樟富北路,406101,923,东-西,20
3,布沙路,6,龙岗区,樟富北路,4061,中翠路,406102,1609,东-西,20
3,布沙路,6,龙岗区,中翠路,4061,布龙路,406103,700,东-西,20
3,布沙路,6,龙岗区,布龙路,4062,中翠路,406201,586,西-东,20
3,布沙路,6,龙岗区,中翠路,4062,樟富北路,406202,1647,西-东,20
3,布沙路,6,龙岗区,樟富北路,4062,丹平快速路,406203,924,西-东,20
3,布澜路,6,龙岗区,龙岗大道,4073,东西干道,407301,528,南-北,20
3,布澜路,6,龙岗区,东西干道,4073,盛宝路,407302,622,南-北,20
3,布澜路,6,龙岗区,盛宝路,4073,水官高速,407303,1441,南-北,20
3,布澜路,6,龙岗区,水官高速,4073,平吉大道,407304,1201,南-北,20
3,布澜路,6,龙岗区,平吉大道,4073,甘李路,407305,1126,南-北,20
3,布澜路,6,龙岗区,甘李路,4074,平吉大道,407401,1064,北-南,20
3,布澜路,6,龙岗区,平吉大道,4074,水官高速,407402,1196,北-南,20
3,布澜路,6,龙岗区,水官高速,4074,盛宝路,407403,1449,北-南,20
3,布澜路,6,龙岗区,盛宝路,4074,东西干道,407404,638,北-南,20
3,布澜路,6,龙岗区,东西干道,4074,龙岗大道,407405,521,北-南,20
3,东西干道,6,龙岗区,布澜路,4081,布龙路,408101,2109,东-西,20
3,东西干道,6,龙岗区,布龙路,4082,布澜路,408201,2127,西-东,20
3,凤凰大道,6,龙岗区,东门路,4093,守珍街,409301,2112,南-北,20
3,凤凰大道,6,龙岗区,守珍街,4093,平龙路,409302,738,南-北,20
3,凤凰大道,6,龙岗区,平龙路,4094,守珍街,409401,736,北-南,20
3,凤凰大道,6,龙岗区,守珍街,4094,东门路,409402,2116,北-南,20
3,平湖大街,6,龙岗区,丹平公路,4103,湖田路,410301,504,南-北,20
3,平湖大街,6,龙岗区,湖田路,4103,东门路,410302,835,南-北,20
3,平湖大街,6,龙岗区,东门路,4103,富安大道,410303,1018,南-北,20
3,平湖大街,6,龙岗区,富安大道,4103,益民路,410304,1437,南-北,20
3,平湖大街,6,龙岗区,益民路,4104,富安大道,410401,1440,北-南,20
3,平湖大街,6,龙岗区,富安大道,4104,东门路,410402,1015,北-南,20
3,平湖大街,6,龙岗区,东门路,4104,湖田路,410403,826,北-南,20
3,平湖大街,6,龙岗区,湖田路,4104,丹平公路,410404,655,北-南,20
3,富安大道,6,龙岗区,平湖大街,4111,平安大道,411101,786,东-西,20
3,富安大道,6,龙岗区,平安大道,4111,国际大道,411102,478,东-西,20
3,富安大道,6,龙岗区,国际大道,4111,平新北路,411103,847,东-西,20
3,富安大道,6,龙岗区,平新北路,4111,工业大道,411104,1625,东-西,20
3,富安大道,6,龙岗区,工业大道,4111,嘉湖路,411105,806,东-西,20
3,富安大道,6,龙岗区,嘉湖路,4112,工业大道,411201,1097,西-东,20
3,富安大道,6,龙岗区,工业大道,4112,平新北路,411202,1455,西-东,20
3,富安大道,6,龙岗区,平新北路,4112,国际大道,411203,840,西-东,20
3,富安大道,6,龙岗区,国际大道,4112,平安大道,411204,498,西-东,20
3,富安大道,6,龙岗区,平安大道,4112,平湖大街,411205,796,西-东,20
3,平新北路,6,龙岗区,平新南路,4123,国际大道,412301,707,南-北,20
3,平新北路,6,龙岗区,国际大道,4123,富安大道,412302,529,南-北,20
3,平新北路,6,龙岗区,富安大道,4123,平新路,412303,986,南-北,20
3,平新北路,6,龙岗区,平新路,4124,富安大道,412401,986,北-南,20
3,平新北路,6,龙岗区,富安大道,4124,国际大道,412402,529,北-南,20
3,平新北路,6,龙岗区,国际大道,4124,平新南路,412403,707,北-南,20
3,贝尔路,6,龙岗区,吉华路,4131,坂雪岗大道,413101,733,东-西,20
3,贝尔路,6,龙岗区,坂雪岗大道,4131,冲之大道,413102,422,东-西,20
3,贝尔路,6,龙岗区,冲之大道,4131,五和大道,413103,307,东-西,20
3,贝尔路,6,龙岗区,五和大道,4132,冲之大道,413201,302,西-东,20
3,贝尔路,6,龙岗区,冲之大道,4132,坂雪岗大道,413202,424,西-东,20
3,贝尔路,6,龙岗区,坂雪岗大道,4132,吉华路,413203,739,西-东,20
3,坂雪岗大道,6,龙岗区,南坪快速路,4143,雅园路,414301,821,南-北,20
3,坂雪岗大道,6,龙岗区,雅园路,4143,布龙路,414302,880,南-北,20
3,坂雪岗大道,6,龙岗区,布龙路,4143,吉华路,414303,1026,南-北,20
3,坂雪岗大道,6,龙岗区,吉华路,4143,贝尔路,414304,626,南-北,20
3,坂雪岗大道,6,龙岗区,贝尔路,4143,隆平路,414305,509,南-北,20
3,坂雪岗大道,6,龙岗区,隆平路,4143,稼先路,414306,457,南-北,20
3,坂雪岗大道,6,龙岗区,稼先路,4143,雪岗北路,414307,1385,南-北,20
3,坂雪岗大道,6,龙岗区,雪岗北路,4144,稼先路,414401,1384,北-南,20
3,坂雪岗大道,6,龙岗区,稼先路,4144,隆平路,414402,466,北-南,20
3,坂雪岗大道,6,龙岗区,隆平路,4144,贝尔路,414403,518,北-南,20
3,坂雪岗大道,6,龙岗区,贝尔路,4144,吉华路,414404,623,北-南,20
3,坂雪岗大道,6,龙岗区,吉华路,4144,布龙路,414405,1018,北-南,20
3,坂雪岗大道,6,龙岗区,布龙路,4144,雅园路,414406,1181,北-南,20
3,坂雪岗大道,6,龙岗区,雅园路,4144,南坪快速路,414407,526,北-南,20
3,吉华路,6,龙岗区,布吉路,4151,金鹏路,415101,661,东-西,20
3,吉华路,6,龙岗区,金鹏路,4151,中兴路,415102,437,东-西,20
3,吉华路,6,龙岗区,中兴路,4151,西环路,415103,287,东-西,20
3,吉华路,6,龙岗区,西环路,4151,下水径一街,415104,833,东-西,20
3,吉华路,6,龙岗区,下水径一街,4151,布龙路,415105,1082,东-西,20
3,吉华路,6,龙岗区,布龙路,4151,秀峰路,415106,722,东-西,20
3,吉华路,6,龙岗区,秀峰路,4151,雪岗南路,415107,2178,东-西,20
3,吉华路,6,龙岗区,雪岗南路,4151,贝尔路,415108,914,东-西,20
3,吉华路,6,龙岗区,贝尔路,4151,坂雪岗大道,415109,882,东-西,20
3,吉华路,6,龙岗区,坂雪岗大道,4151,五和大道,415110,825,东-西,20
3,吉华路,6,龙岗区,五和大道,4151,东环二路,415111,1037,东-西,20
3,吉华路,6,龙岗区,东环二路,4152,五和大道,415201,1050,西-东,20
3,吉华路,6,龙岗区,五和大道,4152,坂雪岗大道,415202,827,西-东,20
3,吉华路,6,龙岗区,坂雪岗大道,4152,贝尔路,415203,898,西-东,20
3,吉华路,6,龙岗区,贝尔路,4152,雪岗南路,415204,921,西-东,20
3,吉华路,6,龙岗区,雪岗南路,4152,秀峰路,415205,2384,西-东,20
3,吉华路,6,龙岗区,秀峰路,4152,布龙路,415206,336,西-东,20
3,吉华路,6,龙岗区,布龙路,4152,下水径一街,415207,1174,西-东,20
3,吉华路,6,龙岗区,下水径一街,4152,西环路,415208,755,西-东,20
3,吉华路,6,龙岗区,西环路,4152,中兴路,415209,278,西-东,20
3,吉华路,6,龙岗区,中兴路,4152,金鹏路,415210,461,西-东,20
3,吉华路,6,龙岗区,金鹏路,4152,布吉路,415211,644,西-东,20
3,丹平公路,6,龙岗区,丹平快速路,4163,机荷高速公路,416301,749,南-北,20
3,丹平公路,6,龙岗区,机荷高速公路,4163,平湖大街,416302,1424,南-北,20
3,丹平公路,6,龙岗区,平湖大街,4164,机荷高速公路,416401,1428,北-南,20
3,丹平公路,6,龙岗区,机荷高速公路,4164,丹平快速路,416402,596,北-南,20
3,布龙路,6,龙岗区,龙岗大道,4173,东西干道,417301,403,南-北,20
3,布龙路,6,龙岗区,东西干道,4173,景芬路,417302,933,南-北,20
3,布龙路,6,龙岗区,景芬路,4173,科技园路,417303,387,南-北,20
3,布龙路,6,龙岗区,科技园路,4173,吉华路,417304,2159,南-北,20
3,布龙路,6,龙岗区,吉华路,4173,清平高速公路,417305,1220,南-北,20
3,布龙路,6,龙岗区,清平高速公路,4173,坂雪岗大道,417306,2270,南-北,20
3,布龙路,6,龙岗区,坂雪岗大道,4173,五和大道,417307,1199,南-北,20
3,布龙路,6,龙岗区,五和大道,4173,梅观高速公路,417308,1149,南-北,20
3,布龙路,9,龙华区,梅观高速公路,4173,油松路,417309,413,南-北,20
3,布龙路,9,龙华区,油松路,4173,民治大道,417310,740,南-北,20
3,布龙路,9,龙华区,民治大道,4173,梅龙路,417311,150,南-北,20
3,布龙路,9,龙华区,梅龙路,4173,人民路(龙华),417312,1424,南-北,20
3,布龙路,9,龙华区,人民路(龙华),4173,简上路,417313,629,南-北,20
3,布龙路,9,龙华区,简上路,4173,和平路(龙华),417314,855,南-北,20
3,布龙路,9,龙华区,和平路(龙华),4173,龙华路,417315,915,南-北,20
3,布龙路,9,龙华区,龙华路,4173,布龙公路,417316,995,南-北,20
3,布龙路,9,龙华区,布龙公路,4174,龙华路,417401,986,北-南,20
3,布龙路,9,龙华区,龙华路,4174,和平路(龙华),417402,933,北-南,20
3,布龙路,9,龙华区,和平路(龙华),4174,简上路,417403,936,北-南,20
3,布龙路,9,龙华区,简上路,4174,人民路(龙华),417404,541,北-南,20
3,布龙路,9,龙华区,人民路(龙华),4174,梅龙路,417405,1412,北-南,20
3,布龙路,9,龙华区,梅龙路,4174,民治大道,417406,163,北-南,20
3,布龙路,9,龙华区,民治大道,4174,油松路,417407,735,北-南,20
3,布龙路,9,龙华区,油松路,4174,梅观高速公路,417408,571,北-南,20
3,布龙路,6,龙岗区,梅观高速公路,4174,五和大道,417409,1208,北-南,20
3,布龙路,6,龙岗区,五和大道,4174,坂雪岗大道,417410,991,北-南,20
3,布龙路,6,龙岗区,坂雪岗大道,4174,清平高速公路,417411,2318,北-南,20
3,布龙路,6,龙岗区,清平高速公路,4174,吉华路,417412,1227,北-南,20
3,布龙路,6,龙岗区,吉华路,4174,科技园路,417413,2116,北-南,20
3,布龙路,6,龙岗区,科技园路,4174,景芬路,417414,497,北-南,20
3,布龙路,6,龙岗区,景芬路,4174,东西干道,417415,917,北-南,20
3,布龙路,6,龙岗区,东西干道,4174,龙岗大道,417416,417,北-南,20
3,龙翔大道,6,龙岗区,龙城大道,4181,德政路,418101,1166,东-西,20
3,龙翔大道,6,龙岗区,德政路,4181,吉祥路,418102,645,东-西,20
3,龙翔大道,6,龙岗区,吉祥路,4181,怡翠路,418103,895,东-西,20
3,龙翔大道,6,龙岗区,怡翠路,4181,如意路,418104,861,东-西,20
3,龙翔大道,6,龙岗区,如意路,4181,黄阁路,418105,934,东-西,20
3,龙翔大道,6,龙岗区,黄阁路,4181,龙飞大道,418106,590,东-西,20
3,龙翔大道,6,龙岗区,龙飞大道,4181,盐龙大道,418107,1708,东-西,20
3,龙翔大道,6,龙岗区,盐龙大道,4182,龙飞大道,418201,1686,西-东,20
3,龙翔大道,6,龙岗区,龙飞大道,4182,黄阁路,418202,578,西-东,20
3,龙翔大道,6,龙岗区,黄阁路,4182,如意路,418203,942,西-东,20
3,龙翔大道,6,龙岗区,如意路,4182,怡翠路,418204,863,西-东,20
3,龙翔大道,6,龙岗区,怡翠路,4182,吉祥路,418205,894,西-东,20
3,龙翔大道,6,龙岗区,吉祥路,4182,德政路,418206,649,西-东,20
3,龙翔大道,6,龙岗区,德政路,4182,龙城大道,418207,1166,西-东,20
4,爱新路,6,龙岗区,宝荷路,4191,龙岗大道,419101,723,东-西,15
4,爱新路,6,龙岗区,龙岗大道,4192,宝荷路,419201,721,西-东,15
4,爱心路,6,龙岗区,清林路,4203,白灰围一路,420301,332,南-北,15
4,爱心路,6,龙岗区,白灰围一路,4203,龙平西路,420302,722,南-北,15
4,爱心路,6,龙岗区,龙平西路,4203,回龙路,420303,517,南-北,15
4,爱心路,6,龙岗区,回龙路,4204,龙平西路,420401,510,北-南,15
4,爱心路,6,龙岗区,龙平西路,4204,白灰围一路,420402,733,北-南,15
4,爱心路,6,龙岗区,白灰围一路,4204,清林路,420403,333,北-南,15
4,白灰围一路,6,龙岗区,龙福路,4211,愉龙路,421101,901,东-西,15
4,白灰围一路,6,龙岗区,愉龙路,4211,黄阁路,421102,787,东-西,15
4,白灰围一路,6,龙岗区,黄阁路,4212,愉龙路,421201,787,西-东,15
4,白灰围一路,6,龙岗区,愉龙路,4212,龙福路,421202,902,西-东,15
4,百鸽路,6,龙岗区,禾坑路,4223,龙岗大道,422301,943,南-北,15
4,百鸽路,6,龙岗区,龙岗大道,4224,禾坑路,422401,936,北-南,15
4,保康路,6,龙岗区,惠盐北路,4233,龙岗大道,423301,626,南-北,15
4,保康路,6,龙岗区,龙岗大道,4234,惠盐北路,423401,626,北-南,15
4,宝龙七路,6,龙岗区,清风大道,4243,南同大道,424301,1060,南-北,15
4,宝龙七路,6,龙岗区,南同大道,4244,清风大道,424401,1056,北-南,15
4,宝龙三路,6,龙岗区,清风大道,4253,高科大道,425301,660,南-北,15
4,宝龙三路,6,龙岗区,高科大道,4254,清风大道,425401,660,北-南,15
4,宝龙五路,6,龙岗区,清风大道,4263,宝龙大道,426301,294,南-北,15
4,宝龙五路,6,龙岗区,宝龙大道,4264,清风大道,426401,294,北-南,15
4,宝龙一路,6,龙岗区,诚信路,4273,高科大道,427301,963,南-北,15
4,宝龙一路,6,龙岗区,高科大道,4274,诚信路,427401,957,北-南,15
4,布李路,6,龙岗区,长盛路,4283,布龙路,428301,1075,南-北,15
4,布李路,6,龙岗区,布龙路,4283,布澜路,428302,2213,南-北,15
4,布李路,6,龙岗区,布澜路,4284,布龙路,428401,2213,北-南,15
4,布李路,6,龙岗区,布龙路,4284,长盛路,428402,1075,北-南,15
4,长盛路,6,龙岗区,中兴路(布吉),4293,布李路,429301,370,南-北,15
4,长盛路,6,龙岗区,布李路,4294,中兴路(布吉),429401,378,北-南,15
4,长兴北路,6,龙岗区,龙平西路,4303,回龙路,430301,488,南-北,15
4,长兴北路,6,龙岗区,回龙路,4303,盐龙大道,430302,465,南-北,15
4,长兴北路,6,龙岗区,盐龙大道,4304,回龙路,430401,455,北-南,15
4,长兴北路,6,龙岗区,回龙路,4304,龙平西路,430402,497,北-南,15
4,长兴南路,6,龙岗区,龙福路,4313,龙平西路,431301,412,南-北,15
4,长兴南路,6,龙岗区,龙平西路,4314,龙福路,431401,412,北-南,15
4,诚信路,6,龙岗区,宝坪路,4321,翠宝路,432101,1051,东-西,15
4,诚信路,6,龙岗区,翠宝路,4322,宝坪路,432201,1051,西-东,15
4,冲之大道,6,龙岗区,贝尔路,4333,隆平路,433301,538,南-北,15
4,冲之大道,6,龙岗区,隆平路,4333,稼先路,433302,556,南-北,15
4,冲之大道,6,龙岗区,稼先路,4333,张衡路,433303,781,南-北,15
4,冲之大道,6,龙岗区,张衡路,4333,雪岗北路,433304,363,南-北,15
4,冲之大道,6,龙岗区,雪岗北路,4334,张衡路,433401,369,北-南,15
4,冲之大道,6,龙岗区,张衡路,4334,稼先路,433402,788,北-南,15
4,冲之大道,6,龙岗区,稼先路,4334,隆平路,433403,555,北-南,15
4,冲之大道,6,龙岗区,隆平路,4334,贝尔路,433404,530,北-南,15
4,大康路,6,龙岗区,小康路,4351,惠盐北路,435101,1164,东-西,15
4,大康路,6,龙岗区,惠盐北路,4352,小康路,435201,1164,西-东,15
4,大运路,6,龙岗区,黄阁路,4361,青春路,436101,391,东-西,15
4,大运路,6,龙岗区,青春路,4362,黄阁路,436201,399,西-东,15
4,德政路,6,龙岗区,龙翔大道,4373,清林路,437301,579,南-北,15
4,德政路,6,龙岗区,清林路,4373,建设路(龙岗),437302,708,南-北,15
4,德政路,6,龙岗区,建设路(龙岗),4374,清林路,437401,719,北-南,15
4,德政路,6,龙岗区,清林路,4374,龙翔大道,437402,583,北-南,15
4,发展路,6,龙岗区,龙岗大道,4393,兴华路(坪地),439301,352,南-北,15
4,发展路,6,龙岗区,兴华路(坪地),4394,龙岗大道,439401,352,北-南,15
4,富康路,6,龙岗区,沙荷路,4433,松柏路,443301,1366,南-北,15
4,富康路,6,龙岗区,松柏路,4434,沙荷路,443401,1366,北-南,15
4,富民路,6,龙岗区,富坪中路,4441,同心中路,444101,885,东-西,15
4,富民路,6,龙岗区,同心中路,4441,教育南路,444102,725,东-西,15
4,富民路,6,龙岗区,教育南路,4442,同心中路,444201,732,西-东,15
4,富民路,6,龙岗区,同心中路,4442,富坪中路,444202,882,西-东,15
4,甘李路,6,龙岗区,秀峰路,4453,布澜路,445301,2142,南-北,15
4,甘李路,6,龙岗区,布澜路,4454,秀峰路,445401,2142,北-南,15
4,高科大道,6,龙岗区,宝龙七路,4461,宝龙五路,446101,804,东-西,15
4,高科大道,6,龙岗区,宝龙五路,4461,宝龙三路,446102,774,东-西,15
4,高科大道,6,龙岗区,宝龙三路,4461,宝龙一路,446103,756,东-西,15
4,高科大道,6,龙岗区,宝龙一路,4462,宝龙三路,446201,756,西-东,15
4,高科大道,6,龙岗区,宝龙三路,4462,宝龙五路,446202,774,西-东,15
4,高科大道,6,龙岗区,宝龙五路,4462,宝龙七路,446203,804,西-东,15
4,工业大道,6,龙岗区,富安大道,4473,平龙路,447301,1362,南-北,15
4,工业大道,6,龙岗区,平龙路,4474,富安大道,447401,1364,北-南,15
4,禾坑路,6,龙岗区,金稻田路,4503,百鸽路,450301,478,南-北,15
4,禾坑路,6,龙岗区,百鸽路,4504,金稻田路,450401,478,北-南,15
4,鸿基路,6,龙岗区,深汕路,4523,同富路(龙岗),452301,671,南-北,15
4,鸿基路,6,龙岗区,同富路(龙岗),4524,深汕路,452401,670,北-南,15
4,红花街,6,龙岗区,惠盐北路,4531,富康路,453101,354,东-西,15
4,红花街,6,龙岗区,富康路,4532,惠盐北路,453201,354,西-东,15
4,湖田路,6,龙岗区,平湖大街,4551,平安大道,455101,1120,东-西,15
4,湖田路,6,龙岗区,平安大道,4552,平湖大街,455201,1122,西-东,15
4,回龙路,6,龙岗区,龙城大道,4561,长兴北路,456101,878,东-西,15
4,回龙路,6,龙岗区,长兴北路,4561,吉祥路(龙岗),456102,576,东-西,15
4,回龙路,6,龙岗区,吉祥路(龙岗),4561,盐龙大道,456103,1107,东-西,15
4,回龙路,6,龙岗区,盐龙大道,4562,吉祥路(龙岗),456201,1115,西-东,15
4,回龙路,6,龙岗区,吉祥路(龙岗),4562,长兴北路,456202,576,西-东,15
4,回龙路,6,龙岗区,长兴北路,4562,龙城大道,456203,877,西-东,15
3,惠华路,6,龙岗区,新厦大道,4571,杉坑内环路,457101,830,东-西,20
3,惠华路,6,龙岗区,杉坑内环路,4571,中环大道,457102,573,东-西,20
3,惠华路,6,龙岗区,中环大道,4571,清平高速公路,457103,527,东-西,20
3,惠华路,6,龙岗区,清平高速公路,4572,中环大道,457201,541,西-东,20
3,惠华路,6,龙岗区,中环大道,4572,杉坑内环路,457202,565,西-东,20
3,惠华路,6,龙岗区,杉坑内环路,4572,新厦大道,457203,915,西-东,20
4,惠民路,6,龙岗区,同力路,4581,乐园路,458101,255,东-西,15
4,惠民路,6,龙岗区,乐园路,4582,同力路,458201,248,西-东,15
4,吉祥一路,6,龙岗区,龙岗大道,4594,花园路,459301,934,南-北,15
4,吉祥一路,6,龙岗区,花园路,4593,龙岗大道,459401,934,北-南,15
4,吉政路,6,龙岗区,龙岗大道,4603,中兴路(布吉),460301,469,南-北,15
4,吉政路,6,龙岗区,中兴路(布吉),4604,龙岗大道,460401,469,北-南,15
4,稼先路,6,龙岗区,坂雪岗大道,4611,五和大道,461101,1056,东-西,15
4,稼先路,6,龙岗区,五和大道,4612,坂雪岗大道,461201,1054,西-东,15
4,建议路,6,龙岗区,龙福路,4623,龙平西路,462301,475,南-北,15
4,建议路,6,龙岗区,龙平西路,4624,龙福路,462401,472,北-南,15
3,教育北路,6,龙岗区,吉祥路,4633,盐龙大道,463301,576,南-北,20
4,教育北路,6,龙岗区,盐龙大道,4633,龙腾路,463302,685,南-北,15
4,教育北路,6,龙岗区,龙腾路,4634,盐龙大道,463401,667,北-南,15
3,教育北路,6,龙岗区,盐龙大道,4634,吉祥路,463402,591,北-南,20
4,金鹏路,6,龙岗区,吉华路,4643,中兴路(布吉),464301,402,南-北,15
4,金鹏路,6,龙岗区,中兴路(布吉),4644,吉华路,464401,389,北-南,15
4,锦龙二路,6,龙岗区,宝龙大道,4651,南同大道,465101,646,东-西,15
4,锦龙二路,6,龙岗区,南同大道,4652,宝龙大道,465201,643,西-东,15
4,景芬路,6,龙岗区,布龙路,4663,科技园路,466301,905,南-北,15
4,景芬路,6,龙岗区,科技园路,4664,布龙路,466401,905,北-南,15
4,居里夫人大道,6,龙岗区,隆平路,4673,稼先路,467301,540,南-北,15
4,居里夫人大道,6,龙岗区,稼先路,4674,隆平路,467401,541,北-南,15
4,康乐路,6,龙岗区,龙岗大道,4683,红棉一路,468301,478,南-北,15
4,康乐路,6,龙岗区,红棉一路,4683,水官高速,468302,1073,南-北,15
4,康乐路,6,龙岗区,水官高速,4684,红棉一路,468401,1073,北-南,15
4,康乐路,6,龙岗区,红棉一路,4684,龙岗大道,468402,475,北-南,15
4,乐园路,6,龙岗区,惠民路,4693,深汕路,469301,954,南-北,15
4,礼耕路,6,龙岗区,六和路,4701,万利路,470101,1503,东-西,15
4,礼耕路,6,龙岗区,万利路,4702,六和路,470201,1504,西-东,15
4,莲心路,6,龙岗区,龙岗大道,4713,红棉一路,471301,615,南-北,15
4,莲心路,6,龙岗区,红棉一路,4714,龙岗大道,471401,615,北-南,15
4,良白路,6,龙岗区,丹平快速路,4723,机荷高速公路,472301,1492,南-北,15
4,良白路,6,龙岗区,机荷高速公路,4723,平安大道,472302,767,南-北,15
4,良白路,6,龙岗区,平安大道,4723,东深路,472303,861,南-北,15
4,良白路,6,龙岗区,东深路,4724,平安大道,472401,861,北-南,15
4,良白路,6,龙岗区,平安大道,4724,机荷高速公路,472402,767,北-南,15
4,良白路,6,龙岗区,机荷高速公路,4724,丹平快速路,472403,1492,北-南,15
4,六和路,6,龙岗区,沙荷路,4733,龙岗大道,473301,1554,南-北,15
4,六和路,6,龙岗区,龙岗大道,4734,沙荷路,473401,1555,北-南,15
4,六约路,6,龙岗区,宸和路,4743,龙岗大道,474301,510,南-北,15
4,六约路,6,龙岗区,龙岗大道,4744,宸和路,474401,510,北-南,15
4,龙福路,6,龙岗区,龙城大道,4751,长兴南路,475101,892,东-西,15
4,龙福路,6,龙岗区,长兴南路,4751,爱心路,475102,1296,东-西,15
4,龙福路,6,龙岗区,爱心路,4752,长兴南路,475201,730,西-东,15
4,龙福路,6,龙岗区,长兴南路,4752,龙城大道,475202,1458,西-东,15
4,龙岗路,6,龙岗区,鹏达路,4763,龙岗大道,476301,808,南-北,15
4,龙岗路,6,龙岗区,龙岗大道,4764,鹏达路,476401,815,北-南,15
4,龙河路,6,龙岗区,南联路,4771,太兴路,477101,611,东-西,15
4,龙河路,6,龙岗区,太兴路,4771,龙岗大道,477102,720,东-西,15
4,龙河路,6,龙岗区,龙岗大道,4772,太兴路,477201,710,西-东,15
4,龙河路,6,龙岗区,太兴路,4772,南联路,477202,610,西-东,15
4,龙湖路,6,龙岗区,爱南路,4781,龙南路,478101,1122,东-西,15
4,龙湖路,6,龙岗区,龙南路,4782,爱南路,478201,1122,西-东,15
4,龙湖南路,6,龙岗区,龙南路,4793,龙湖路,479301,907,南-北,15
4,龙湖南路,6,龙岗区,龙湖路,4794,龙南路,479401,907,北-南,15
4,龙南路,6,龙岗区,惠盐高速公路,4803,龙湖南路,480301,812,南-北,15
4,龙南路,6,龙岗区,龙湖南路,4803,龙湖路,480302,974,南-北,15
4,龙南路,6,龙岗区,龙湖路,4803,深汕路,480303,599,南-北,15
4,龙南路,6,龙岗区,深汕路,4804,龙湖路,480401,599,北-南,15
4,龙南路,6,龙岗区,龙湖路,4804,龙湖南路,480402,974,北-南,15
4,龙南路,6,龙岗区,龙湖南路,4804,惠盐高速公路,480403,812,北-南,15
4,龙平东路,6,龙岗区,龙兴街,4811,龙园路,481101,663,东-西,15
4,龙平东路,6,龙岗区,龙园路,4811,碧新路,481102,587,东-西,15
4,龙平东路,6,龙岗区,碧新路,4811,龙城大道,481103,953,东-西,15
4,龙平东路,6,龙岗区,龙城大道,4812,碧新路,481201,953,西-东,15
4,龙平东路,6,龙岗区,碧新路,4812,龙园路,481202,586,西-东,15
4,龙平东路,6,龙岗区,龙园路,4812,龙兴街,481203,662,西-东,15
4,龙西中路,6,龙岗区,盐龙大道辅道,4823,富民路,482301,1134,南-北,15
4,龙西中路,6,龙岗区,富民路,4824,盐龙大道辅道,482401,1194,北-南,15
4,龙兴街,6,龙岗区,龙岗大道,4831,龙平东路,483101,334,东-西,15
4,龙兴街,6,龙岗区,龙平东路,4832,龙岗大道,483201,334,西-东,15
4,龙园路,6,龙岗区,龙岗大道,4841,龙平东路,484101,1852,东-西,15
4,龙园路,6,龙岗区,龙平东路,4841,南联路,484102,754,东-西,15
4,龙园路,6,龙岗区,南联路,4842,龙平东路,484201,767,西-东,15
4,龙园路,6,龙岗区,龙平东路,4842,龙岗大道,484202,1841,西-东,15
4,隆平路,6,龙岗区,坂雪岗大道,4851,五和大道,485101,800,东-西,15
4,隆平路,6,龙岗区,五和大道,4852,坂雪岗大道,485201,799,西-东,15
4,茂盛路,6,龙岗区,龙岗大道,4871,红棉三路,487101,1040,东-西,15
4,茂盛路,6,龙岗区,红棉三路,4872,龙岗大道,487201,1037,西-东,15
4,南联路,6,龙岗区,龙岗大道,4883,龙河路,488301,706,南-北,15
4,南联路,6,龙岗区,龙河路,4884,龙岗大道,488401,704,北-南,15
4,南同大道,6,龙岗区,锦龙四路,4901,锦龙二路,490101,489,东-西,15
4,南同大道,6,龙岗区,锦龙二路,4901,锦龙大道,490102,510,东-西,15
4,南同大道,6,龙岗区,锦龙大道,4901,宝龙六路,490103,546,东-西,15
4,南同大道,6,龙岗区,宝龙六路,4902,锦龙大道,490201,570,西-东,15
4,南同大道,6,龙岗区,锦龙大道,4902,锦龙二路,490202,510,西-东,15
4,南同大道,6,龙岗区,锦龙二路,4902,锦龙四路,490203,477,西-东,15
4,牛始埔路,6,龙岗区,勤富路,4913,龙岗大道,491301,1087,南-北,15
4,牛始埔路,6,龙岗区,龙岗大道,4914,勤富路,491401,1087,北-南,15
4,鹏达路,6,龙岗区,龙岗路,4921,植物园路,492101,719,东-西,15
4,鹏达路,6,龙岗区,植物园路,4921,上龙塘路,492102,560,东-西,15
4,鹏达路,6,龙岗区,上龙塘路,4921,龙城大道,492103,822,东-西,15
4,鹏达路,6,龙岗区,龙城大道,4922,上龙塘路,492201,827,西-东,15
4,鹏达路,6,龙岗区,上龙塘路,4922,植物园路,492202,563,西-东,15
4,鹏达路,6,龙岗区,植物园路,4922,植物园路,492203,721,西-东,15
4,埔厦路,6,龙岗区,龙岗大道,4933,水官高速,493301,1199,南-北,15
4,埔厦路,6,龙岗区,水官高速,4934,龙岗大道,493401,1199,北-南,15
4,勤富路,6,龙岗区,沙荷路,4941,牛始埔路,494101,1037,东-西,15
4,勤富路,6,龙岗区,牛始埔路,4942,沙荷路,494201,1037,西-东,15
4,青春路,6,龙岗区,大运路,4951,盐龙大道,495101,1415,东-西,15
4,青春路,6,龙岗区,盐龙大道,4952,大运路,495201,1423,西-东,15
4,清辉路,6,龙岗区,黄阁路,4961,盐龙大道,496101,1040,东-西,15
4,清辉路,6,龙岗区,盐龙大道,4962,黄阁路,496201,1040,西-东,15
4,乐园路,6,龙岗区,深汕路,4694,惠民路,496401,958,北-南,15
4,清松路,6,龙岗区,黄阁路,4981,盐龙大道,498101,816,东-西,15
4,清松路,6,龙岗区,盐龙大道,4982,黄阁路,498201,824,西-东,15
4,荣华路,6,龙岗区,百鸽路,4991,龙岗大道,499101,802,东-西,15
4,荣华路,6,龙岗区,龙岗大道,4992,百鸽路,499201,804,西-东,15
4,沙园路,6,龙岗区,如意路(龙岗),5021,黄阁路,502101,791,东-西,15
4,沙园路,6,龙岗区,黄阁路,5022,如意路(龙岗),502201,798,西-东,15
4,杉坑内环路,6,龙岗区,平龙路,5033,惠华路,503301,640,南-北,15
4,杉坑内环路,6,龙岗区,惠华路,5034,平龙路,503401,639,北-南,15
4,山子下路,6,龙岗区,沙荷路,5041,小康路,504101,2042,东-西,15
4,山子下路,6,龙岗区,小康路,5042,沙荷路,504201,2042,西-东,15
4,上龙塘路,6,龙岗区,鹏达路,5053,龙岗大道,505301,529,南-北,15
4,上龙塘路,6,龙岗区,龙岗大道,5054,鹏达路,505401,528,北-南,15
4,深龙路,6,龙岗区,梧桐路(横岗),5071,深峰路,507101,866,东-西,15
4,深龙路,6,龙岗区,深峰路,5072,梧桐路(横岗),507201,866,西-东,15
4,盛龙路,6,龙岗区,龙城大道,5083,碧新路,508301,1280,南-北,15
4,盛龙路,6,龙岗区,碧新路,5084,龙城大道,508401,1299,北-南,15
4,守珍街,6,龙岗区,凤凰大道,5091,平湖大街,509101,1010,东-西,15
4,守珍街,6,龙岗区,平湖大街,5092,凤凰大道,509201,1010,西-东,15
4,四方埔街,6,龙岗区,坪梓路,5111,同心中路,511101,769,东-西,15
4,四方埔街,6,龙岗区,同心中路,5112,坪梓路,511201,762,西-东,15
4,四联路,6,龙岗区,茂盛路,5121,红棉三路,512101,890,东-西,15
4,四联路,6,龙岗区,红棉三路,5121,机荷高速公路,512102,2417,东-西,15
4,四联路,6,龙岗区,机荷高速公路,5122,红棉三路,512201,2417,西-东,15
4,四联路,6,龙岗区,红棉三路,5122,龙岗大道,512202,886,西-东,15
4,松柏路,6,龙岗区,龙岗大道,5131,松茂路,513101,1049,东-西,15
4,松柏路,6,龙岗区,松茂路,5132,龙岗大道,513201,1061,西-东,15
4,太兴路,6,龙岗区,龙岗大道,5153,龙河路,515301,500,南-北,15
4,太兴路,6,龙岗区,龙河路,5154,龙岗大道,515401,498,北-南,15
4,同德路,6,龙岗区,深汕路,5163,阳新路,516301,706,南-北,15
4,同德路,6,龙岗区,阳新路,5163,同心路,516302,664,南-北,15
4,同德路,6,龙岗区,同心路,5164,阳新路,516401,664,北-南,15
4,同德路,6,龙岗区,阳新路,5164,深汕路,516402,697,北-南,15
4,同力路,6,龙岗区,惠民路,5173,阳新路,517301,722,南-北,15
4,同力路,6,龙岗区,阳新路,5173,同心路,517302,654,南-北,15
4,同力路,6,龙岗区,同心路,5174,阳新路,517401,654,北-南,15
4,同力路,6,龙岗区,阳新路,5174,惠民路,517402,712,北-南,15
4,同心路,6,龙岗区,同德路,5181,深汕路,518101,628,东-西,15
4,同心路,6,龙岗区,深汕路,5182,同德路,518201,632,西-东,15
4,同心中路,6,龙岗区,四方埔街,5191,环城南路,519101,572,东-西,15
4,同心中路,6,龙岗区,环城南路,5191,龙岗大道,519102,1112,东-西,15
4,同心中路,6,龙岗区,龙岗大道,5192,环城南路,519201,1110,西-东,15
4,同心中路,6,龙岗区,环城南路,5192,四方埔街,519202,572,西-东,15
4,万利路,6,龙岗区,勤富路,5203,礼耕路,520301,887,南-北,15
4,万利路,6,龙岗区,礼耕路,5204,勤富路,520401,887,北-南,15
4,五联一路,6,龙岗区,碧新路,5211,盐龙大道,521101,804,东-西,15
4,五联一路,6,龙岗区,盐龙大道,5212,碧新路,521201,805,西-东,15
4,香元排路,6,龙岗区,龙岗大道,5223,兴华路(坪地),522301,464,南-北,15
4,香元排路,6,龙岗区,兴华路(坪地),5224,龙岗大道,522401,464,北-南,15
4,向银路,6,龙岗区,爱南路,5233,鹏达路,523301,611,南-北,15
4,向银路,6,龙岗区,鹏达路,5233,龙岗大道,523302,478,南-北,15
4,向银路,6,龙岗区,龙岗大道,5234,鹏达路,523401,486,北-南,15
4,向银路,6,龙岗区,鹏达路,5234,爱南路,523402,600,北-南,15
4,小康路,6,龙岗区,山子下路,5241,大康路,524101,324,东-西,15
4,小康路,6,龙岗区,大康路,5242,山子下路,524201,324,西-东,15
4,协力路,6,龙岗区,回龙路,5253,连心路,525301,1461,南-北,15
4,协力路,6,龙岗区,连心路,5254,回龙路,525401,1462,北-南,15
4,欣景路,6,龙岗区,龙福路,5263,龙平西路,526301,581,南-北,15
4,欣景路,6,龙岗区,龙平西路,5264,龙福路,526401,579,北-南,15
4,新生路,6,龙岗区,龙岗大道,5271,仙田路,527101,1634,东-西,15
4,新生路,6,龙岗区,仙田路,5271,碧新路,527102,803,东-西,15
4,新生路,6,龙岗区,碧新路,5271,盐龙大道,527103,774,东-西,15
4,新生路,6,龙岗区,盐龙大道,5272,碧新路,527201,777,西-东,15
4,新生路,6,龙岗区,碧新路,5272,仙田路,527202,805,西-东,15
4,新生路,6,龙岗区,仙田路,5272,龙岗大道,527203,1627,西-东,15
4,新厦大道,6,龙岗区,平龙路,5283,平大路,528301,2232,南-北,15
4,新厦大道,6,龙岗区,平大路,5284,平龙路,528401,1920,北-南,15
4,信义路,6,龙岗区,红棉三路,5291,水官高速,529101,712,东-西,15
4,信义路,6,龙岗区,水官高速,5292,红棉三路,529201,709,西-东,15
4,兴旺路,6,龙岗区,红棉三路,5301,水官高速,530101,1270,东-西,15
4,兴旺路,6,龙岗区,水官高速,5302,红棉三路,530201,1271,西-东,15
4,秀峰路,6,龙岗区,吉华路,5313,甘李路,531301,1638,南-北,15
4,秀峰路,6,龙岗区,甘李路,5314,吉华路,531401,1638,北-南,15
4,雅园路,6,龙岗区,坂雪岗大道,5321,五和大道,532101,1137,东-西,15
4,雅园路,6,龙岗区,五和大道,5321,华南路,532102,505,东-西,15
4,雅园路,6,龙岗区,华南路,5322,五和大道,532201,513,西-东,15
4,雅园路,6,龙岗区,五和大道,5322,坂雪岗大道,532202,1134,西-东,15
4,银威路,6,龙岗区,翠竹路(龙岗),5341,碧新路,534101,692,东-西,15
4,银威路,6,龙岗区,碧新路,5341,上龙塘路,534102,828,东-西,15
4,银威路,6,龙岗区,上龙塘路,5341,向银路,534103,375,东-西,15
4,银威路,6,龙岗区,向银路,5342,上龙塘路,534201,376,西-东,15
4,银威路,6,龙岗区,上龙塘路,5342,碧新路,534202,831,西-东,15
4,银威路,6,龙岗区,碧新路,5342,翠竹路(龙岗),534203,690,西-东,15
4,愉龙路,6,龙岗区,清林路,5363,龙平西路,536301,984,南-北,15
4,愉龙路,6,龙岗区,龙平西路,5363,盐龙大道,536302,431,南-北,15
4,愉龙路,6,龙岗区,盐龙大道,5364,龙平西路,536401,429,北-南,15
4,愉龙路,6,龙岗区,龙平西路,5364,清林路,536402,983,北-南,15
3,粤宝路,6,龙岗区,红岗路,5393,吉华路,539301,1010,南-北,20
3,粤宝路,6,龙岗区,吉华路,5394,红岗路,539401,1001,北-南,20
4,湛宝路,6,龙岗区,龙岗大道,5403,红棉一路,540301,624,南-北,15
4,湛宝路,6,龙岗区,红棉一路,5404,龙岗大道,540401,622,北-南,15
4,樟富北路,6,龙岗区,布沙路,5413,翠山路,541301,708,南-北,15
4,樟富北路,6,龙岗区,翠山路,5414,布沙路,541401,706,北-南,15
4,张衡路,6,龙岗区,冲之大道,5421,梅观高速公路,542101,768,东-西,15
4,张衡路,6,龙岗区,梅观高速公路,5422,冲之大道,542201,773,西-东,15
4,植物园路,6,龙岗区,碧新路,5433,爱南路,543301,2005,南-北,15
4,植物园路,6,龙岗区,爱南路,5433,鹏达路,543302,803,南-北,15
4,植物园路,6,龙岗区,鹏达路,5433,龙岗大道,543303,660,南-北,15
4,植物园路,6,龙岗区,龙岗大道,5434,鹏达路,543401,658,北-南,15
4,植物园路,6,龙岗区,鹏达路,5434,爱南路,543402,800,北-南,15
4,植物园路,6,龙岗区,爱南路,5434,碧新路,543403,2011,北-南,15
4,中翠路,6,龙岗区,布沙路,5443,龙岗大道,544301,940,南-北,15
4,中翠路,6,龙岗区,龙岗大道,5444,布沙路,544401,930,北-南,15
4,中环大道,6,龙岗区,平龙路,5453,惠华路,545301,531,南-北,15
4,中环大道,6,龙岗区,惠华路,5454,平龙路,545401,532,北-南,15
4,嶂背路,6,龙岗区,宝荷路,5461,爱新路,546101,2759,东-西,15
4,嶂背路,6,龙岗区,爱新路,5462,宝荷路,546201,2776,西-东,15
4,怡翠路,6,龙岗区,龙岗大道,5473,龙翔大道,547301,594,南-北,15
4,怡翠路,6,龙岗区,龙翔大道,5474,龙岗大道,547401,597,北-南,15
4,宸和路,6,龙岗区,永和路,5483,六约路,548301,496,南-北,15
4,宸和路,6,龙岗区,六约路,5484,永和路,548401,496,北-南,15
4,东门路,6,龙岗区,平湖大街,5493,凤凰大道,549301,943,南-北,15
4,东门路,6,龙岗区,凤凰大道,5494,平湖大街,549401,943,北-南,15
3,凤新路,7,光明新区,光明大街,5503,光翠路,550301,1028,南-北,20
3,凤新路,7,光明新区,光翠路,5503,果园中心路,550302,1426,南-北,20
3,凤新路,7,光明新区,果园中心路,5503,圳美大道,550303,1071,南-北,20
3,凤新路,7,光明新区,圳美大道,5503,公常路,550304,613,南-北,20
3,凤新路,7,光明新区,公常路,5504,圳美大道,550401,615,北-南,20
3,凤新路,7,光明新区,圳美大道,5504,果园中心路,550402,1068,北-南,20
3,凤新路,7,光明新区,果园中心路,5504,光翠路,550403,1431,北-南,20
3,凤新路,7,光明新区,光翠路,5504,光明大街,550404,1020,北-南,20
3,公光路,7,光明新区,楼民路,5511,南环大道,551101,730,东-西,20
3,公光路,7,光明新区,南环大道,5512,楼民路,551201,673,西-东,20
3,光明大街,7,光明新区,凤新路,5521,光明大道,552101,1006,东-西,20
3,光明大街,7,光明新区,光明大道,5521,楼民路,552102,1047,东-西,20
3,光明大街,7,光明新区,楼民路,5522,光明大道,552201,1047,西-东,20
3,光明大街,7,光明新区,光明大道,5522,凤新路,552202,1003,西-东,20
4,光侨大道,7,光明新区,华夏路,5531,观光路,553101,1728,东-西,15
4,光侨大道,7,光明新区,观光路,5531,龙大高速公路,553102,1119,东-西,15
3,光侨大道,7,光明新区,龙大高速公路,5531,甲子塘大道,553103,1341,东-西,20
3,光侨大道,7,光明新区,甲子塘大道,5531,松白路,553104,2771,东-西,20
3,光侨大道,7,光明新区,松白路,5531,根玉路,553105,1808,东-西,20
3,光侨大道,7,光明新区,根玉路,5532,松白路,553201,1853,西-东,20
3,光侨大道,7,光明新区,松白路,5532,甲子塘大道,553202,2754,西-东,20
3,光侨大道,7,光明新区,甲子塘大道,5532,龙大高速公路,553203,1333,西-东,20
4,光侨大道,7,光明新区,龙大高速公路,5532,观光路,553204,1148,西-东,15
4,光侨大道,7,光明新区,观光路,5532,华夏路,553205,1706,西-东,15
3,红花北路,7,光明新区,别墅路,5543,民生大道,554301,593,南-北,20
3,红花北路,7,光明新区,民生大道,5544,别墅路,554401,593,北-南,20
3,红花中路,7,光明新区,松白路,5553,振明路,555301,406,南-北,20
3,红花中路,7,光明新区,振明路,5553,别墅路,555302,382,南-北,20
3,红花中路,7,光明新区,别墅路,5554,振明路,555401,384,北-南,20
3,红花中路,7,光明新区,振明路,5554,松白路,555402,402,北-南,20
3,楼民路,7,光明新区,公光路,5561,光明大街,556101,2074,东-西,20
3,楼民路,7,光明新区,光明大街,5562,公光路,556201,2074,西-东,20
3,民生大道,7,光明新区,公明北环大道,5571,兴发路,557101,432,东-西,20
3,民生大道,7,光明新区,兴发路,5571,红花北路,557102,425,东-西,20
3,民生大道,7,光明新区,红花北路,5571,长春北路,557103,1021,东-西,20
3,民生大道,7,光明新区,长春北路,5571,新华街,557104,803,东-西,20
3,民生大道,7,光明新区,新华街,5572,长春北路,557201,807,西-东,20
3,民生大道,7,光明新区,长春北路,5572,红花北路,557202,1028,西-东,20
3,民生大道,7,光明新区,红花北路,5572,兴发路,557203,425,西-东,20
3,民生大道,7,光明新区,兴发路,5572,公明北环大道,557204,422,西-东,20
3,南环大道,7,光明新区,民生大道,5581,别墅路,558101,390,东-西,20
3,南环大道,7,光明新区,别墅路,5581,振名路,558102,1003,东-西,20
3,南环大道,7,光明新区,振名路,5581,松白路,558103,627,东-西,20
3,南环大道,7,光明新区,松白路,5581,富利南路,558104,1654,东-西,20
3,南环大道,7,光明新区,富利南路,5581,根玉路,558105,1381,东-西,20
3,南环大道,7,光明新区,根玉路,5582,富利南路,558201,1384,西-东,20
3,南环大道,7,光明新区,富利南路,5582,松白路,558202,1653,西-东,20
3,南环大道,7,光明新区,松白路,5582,振名路,558203,624,西-东,20
3,南环大道,7,光明新区,振名路,5582,别墅路,558204,1010,西-东,20
3,南环大道,7,光明新区,别墅路,5582,民生大道,558205,388,西-东,20
3,西环大道,7,光明新区,松白路,5593,公明北环大道,559301,954,南-北,20
3,西环大道,7,光明新区,公明北环大道,5594,松白路,559401,975,北-南,20
3,西田路,7,光明新区,公明北环大道,5603,河堤路,560301,197,南-北,20
3,西田路,7,光明新区,河堤路,5603,屋园路,560302,808,南-北,20
3,西田路,7,光明新区,屋园路,5604,河堤路,560401,808,北-南,20
3,西田路,7,光明新区,河堤路,5604,公明北环大道,560402,197,北-南,20
3,长春北路,7,光明新区,民生大道,5633,下南二路,563301,619,南-北,20
3,长春北路,7,光明新区,下南二路,5633,公明北环大道,563302,640,南-北,20
3,长春北路,7,光明新区,公明北环大道,5634,下南二路,563401,641,北-南,20
3,长春北路,7,光明新区,下南二路,5634,民生大道,563402,620,北-南,20
3,长春南路,7,光明新区,创业路(公明),5643,松白路,564301,654,南-北,20
3,长春南路,7,光明新区,松白路,5644,创业路(公明),564401,654,北-南,20
3,长春中路,7,光明新区,松白路,5653,振明路,565301,371,南-北,20
3,长春中路,7,光明新区,振明路,5653,民生大道,565302,430,南-北,20
3,长春中路,7,光明新区,民生大道,5654,振明路,565401,430,北-南,20
3,长春中路,7,光明新区,振明路,5654,松白路,565402,378,北-南,20
3,公常路,7,光明新区,羌下一路,5661,东新路,566101,1971,东-西,20
3,公常路,7,光明新区,东新路,5661,凤新路,566102,1274,东-西,20
3,公常路,7,光明新区,凤新路,5661,振兴路,566103,1029,东-西,20
3,公常路,7,光明新区,振兴路,5661,龙大高速公路,566104,2285,东-西,20
3,公常路,7,光明新区,龙大高速公路,5661,公明北环大道,566105,949,东-西,20
3,公常路,7,光明新区,公明北环大道,5662,龙大高速公路,566201,869,西-东,20
3,公常路,7,光明新区,龙大高速公路,5662,振兴路,566202,2436,西-东,20
3,公常路,7,光明新区,振兴路,5662,凤新路,566203,972,西-东,20
3,公常路,7,光明新区,凤新路,5662,东新路,566204,1331,西-东,20
3,公常路,7,光明新区,东新路,5662,羌下一路,566205,1929,西-东,20
3,光明大道,7,光明新区,光明大街,5671,华夏二路,567101,806,东-西,20
3,光明大道,7,光明新区,华夏二路,5671,观光路,567102,1126,东-西,20
3,光明大道,7,光明新区,观光路,5671,塘家大道,567103,1224,东-西,20
3,光明大道,7,光明新区,塘家大道,5671,松白路,567104,2057,东-西,20
3,光明大道,7,光明新区,松白路,5671,根玉路,567105,1825,东-西,20
3,光明大道,7,光明新区,根玉路,5672,松白路,567201,1822,西-东,20
3,光明大道,7,光明新区,松白路,5672,塘家大道,567202,2076,西-东,20
3,光明大道,7,光明新区,塘家大道,5672,观光路,567203,1229,西-东,20
3,光明大道,7,光明新区,观光路,5672,华夏二路,567204,1122,西-东,20
3,光明大道,7,光明新区,华夏二路,5672,光明大街,567205,802,西-东,20
3,根玉路,7,光明新区,玉昌西路,5683,光侨大道,568301,969,南-北,20
3,根玉路,7,光明新区,光侨大道,5683,光明大道,568302,1862,南-北,20
3,根玉路,7,光明新区,光明大道,5683,将石路,568303,969,南-北,20
3,根玉路,7,光明新区,将石路,5683,东方大道,568304,1684,南-北,20
3,根玉路,7,光明新区,东方大道,5683,南环大道,568305,1256,南-北,20
3,根玉路,7,光明新区,南环大道,5683,松白路,568306,1891,南-北,20
3,根玉路,7,光明新区,松白路,5684,南环大道,568401,1900,北-南,20
3,根玉路,7,光明新区,南环大道,5684,东方大道,568402,1252,北-南,20
3,根玉路,7,光明新区,东方大道,5684,将石路,568403,1945,北-南,20
3,根玉路,7,光明新区,将石路,5684,光明大道,568404,823,北-南,20
3,根玉路,7,光明新区,光明大道,5684,光侨大道,568405,1890,北-南,20
3,根玉路,7,光明新区,光侨大道,5684,玉昌西路,568406,957,北-南,20
4,安发路,7,光明新区,兴发路,5693,振明路,569301,558,南-北,15
4,安发路,7,光明新区,振明路,5693,松白路,569302,513,南-北,15
4,安发路,7,光明新区,松白路,5694,振明路,569401,507,北-南,15
4,安发路,7,光明新区,振明路,5694,兴发路,569402,554,北-南,15
4,邦凯路,7,光明新区,观光路,5701,龙大高速公路,570101,661,东-西,15
4,邦凯路,7,光明新区,龙大高速公路,5702,观光路,570201,662,西-东,15
4,碧眼路,7,光明新区,牛山路,5713,光明大道,571301,324,南-北,15
4,碧眼路,7,光明新区,光明大道,5714,牛山路,571401,325,北-南,15
4,长凤路,7,光明新区,龙大高速公路,5721,松白路,572101,4678,东-西,15
4,长凤路,7,光明新区,松白路,5722,龙大高速公路,572201,4677,西-东,15
4,长圳路,7,光明新区,松白路,5731,东长路,573101,1841,东-西,15
4,长圳路,7,光明新区,东长路,5732,松白路,573201,2078,西-东,15
4,创维路,7,光明新区,创业路(公明),5743,松白路,574301,444,南-北,15
4,创维路,7,光明新区,松白路,5744,创业路(公明),574401,444,北-南,15
4,东明大道,7,光明新区,华夏二路,5751,高新西路,575101,3746,东-西,15
4,东明大道,7,光明新区,高新西路,5752,华夏二路,575201,3794,西-东,15
4,二五二县道,7,光明新区,观光路,5761,光侨大道,576101,3407,东-西,15
4,二五二县道,7,光明新区,光侨大道,5762,观光路,576201,3407,西-东,15
4,高新路,7,光明新区,东明大道,5773,兴通路,577301,976,南-北,15
4,高新路,7,光明新区,兴通路,5773,华夏二路,577302,733,南-北,15
4,高新路,7,光明新区,华夏二路,5774,兴通路,577401,733,北-南,15
4,高新路,7,光明新区,兴通路,5774,东明大道,577402,976,北-南,15
4,高新西路,7,光明新区,光明大道,5783,东明大道,578301,731,南-北,15
4,高新西路,7,光明新区,东明大道,5784,光明大道,578401,726,北-南,15
4,光侨路,7,光明新区,华夏路,5793,凤新路,579301,863,南-北,15
4,光侨路,7,光明新区,凤新路,5794,华夏路,579401,861,北-南,15
4,华夏二路,7,光明新区,光明大道,5803,东明大道,580301,598,南-北,15
4,华夏二路,7,光明新区,东明大道,5803,兴通路,580302,446,南-北,15
4,华夏二路,7,光明新区,兴通路,5803,华夏一路,580303,833,南-北,15
4,华夏二路,7,光明新区,华夏一路,5803,高新路,580304,738,南-北,15
4,华夏二路,7,光明新区,高新路,5804,华夏一路,580401,738,北-南,15
4,华夏二路,7,光明新区,华夏一路,5804,兴通路,580402,832,北-南,15
4,华夏二路,7,光明新区,兴通路,5804,东明大道,580403,449,北-南,15
4,华夏二路,7,光明新区,东明大道,5804,光明大道,580404,585,北-南,15
4,华夏路,7,光明新区,光侨大道,5813,光明大道,581301,1401,南-北,15
4,华夏路,7,光明新区,光明大道,5814,光侨大道,581401,1407,北-南,15
4,华夏一路,7,光明新区,东明大道,5823,兴通路,582301,742,南-北,15
4,华夏一路,7,光明新区,兴通路,5823,华夏二路,582302,612,南-北,15
4,华夏一路,7,光明新区,华夏二路,5824,兴通路,582401,603,北-南,15
4,华夏一路,7,光明新区,兴通路,5824,东明大道,582402,767,北-南,15
4,甲子塘大道,7,光明新区,光侨大道,5833,光明大道,583301,2487,南-北,15
4,甲子塘大道,7,光明新区,光明大道,5834,光侨大道,583401,2487,北-南,15
4,将石路,7,光明新区,周家路,5843,根玉路,584301,1231,南-北,15
4,将石路,7,光明新区,根玉路,5844,周家路,584401,1231,北-南,15
4,金安路,7,光明新区,松白路,5853,振明路,585301,520,南-北,15
4,金安路,7,光明新区,振明路,5854,松白路,585401,518,北-南,15
4,马田路,7,光明新区,松白路,5873,永康路,587301,1029,南-北,15
4,马田路,7,光明新区,永康路,5874,松白路,587401,993,北-南,15
4,塘福街,7,光明新区,光侨大道,5883,塘家大道,588301,826,南-北,15
4,塘福街,7,光明新区,塘家大道,5884,光侨大道,588401,826,北-南,15
4,兴发路,7,光明新区,安发路,5893,民生大道,589301,545,南-北,15
4,兴发路,7,光明新区,民生大道,5894,安发路,589401,548,北-南,15
4,永康路,7,光明新区,下村路,5901,马田路,590101,431,东-西,15
4,永康路,7,光明新区,马田路,5902,下村路,590201,431,西-东,15
4,玉昌东路,7,光明新区,松白路,5911,玉昌西路,591101,966,东-西,15
4,玉昌东路,7,光明新区,玉昌西路,5912,松白路,591201,963,西-东,15
4,玉昌西路,7,光明新区,玉昌东路,5921,根玉路,592101,898,东-西,15
4,玉昌西路,7,光明新区,根玉路,5922,玉昌东路,592201,885,西-东,15
4,振明路,7,光明新区,安发路,5931,红花中路,593101,381,东-西,15
4,振明路,7,光明新区,红花中路,5931,长春中路,593102,936,东-西,15
4,振明路,7,光明新区,长春中路,5931,金安路,593103,520,东-西,15
4,振明路,7,光明新区,金安路,5931,松白路,593104,1416,东-西,15
4,振明路,7,光明新区,松白路,5932,金安路,593201,1400,西-东,15
4,振明路,7,光明新区,金安路,5932,长春中路,593202,518,西-东,15
4,振明路,7,光明新区,长春中路,5932,红花中路,593203,933,西-东,15
4,振明路,7,光明新区,红花中路,5932,安发路,593204,381,西-东,15
4,周家路,7,光明新区,松白路,5953,将石路,595301,1161,南-北,15
3,玉龙路,9,龙华区,白龙路,6772,新区大道,677202,1075,西-东,20
3,玉龙路,9,龙华区,新区大道,6772,梅龙路,677203,745,西-东,20
3,新区大道,9,龙华区,皇岗路,6783,金龙路,678301,3373,南-北,20
3,新区大道,9,龙华区,金龙路,6783,白龙路,678302,1205,南-北,20
3,新区大道,9,龙华区,白龙路,6783,玉龙路,678303,699,南-北,20
3,新区大道,9,龙华区,玉龙路,6783,留仙大道,678304,403,南-北,20
3,新区大道,9,龙华区,留仙大道,6783,民宝路,678305,788,南-北,20
3,新区大道,9,龙华区,民宝路,6783,人民路(龙华),678306,1094,南-北,20
3,新区大道,9,龙华区,人民路(龙华),6783,简上路,678307,1088,南-北,20
3,新区大道,9,龙华区,简上路,6783,和平路(龙华),678308,944,南-北,20
3,新区大道,9,龙华区,和平路(龙华),6784,简上路,678401,943,北-南,20
3,新区大道,9,龙华区,简上路,6784,人民路(龙华),678402,1076,北-南,20
3,新区大道,9,龙华区,人民路(龙华),6784,民宝路,678403,1111,北-南,20
3,新区大道,9,龙华区,民宝路,6784,留仙大道,678404,785,北-南,20
3,新区大道,9,龙华区,留仙大道,6784,玉龙路,678405,725,北-南,20
3,新区大道,9,龙华区,玉龙路,6784,白龙路,678406,388,北-南,20
3,新区大道,9,龙华区,白龙路,6784,金龙路,678407,1199,北-南,20
3,新区大道,9,龙华区,金龙路,6784,皇岗路,678408,3364,北-南,20
3,梅龙路,9,龙华区,金龙路,6793,民乐路,679301,642,南-北,20
3,梅龙路,9,龙华区,民乐路,6793,白龙路,679302,565,南-北,20
3,梅龙路,9,龙华区,白龙路,6793,玉龙路,679303,485,南-北,20
3,梅龙路,9,龙华区,玉龙路,6793,留仙大道,679304,320,南-北,20
3,梅龙路,9,龙华区,留仙大道,6793,民宝路,679305,745,南-北,20
3,梅龙路,9,龙华区,民宝路,6793,布龙路,679306,1441,南-北,20
3,梅龙路,9,龙华区,布龙路,6793,龙胜路,679307,488,南-北,20
3,梅龙路,9,龙华区,龙胜路,6793,工业路,679308,548,南-北,20
3,梅龙路,9,龙华区,工业路,6793,民清路,679309,610,南-北,20
3,梅龙路,9,龙华区,民清路,6794,工业路,679401,616,北-南,20
3,梅龙路,9,龙华区,工业路,6794,龙胜路,679402,541,北-南,20
3,梅龙路,9,龙华区,龙胜路,6794,布龙路,679403,488,北-南,20
3,梅龙路,9,龙华区,布龙路,6794,民宝路,679404,1444,北-南,20
3,梅龙路,9,龙华区,民宝路,6794,留仙大道,679405,628,北-南,20
3,梅龙路,9,龙华区,留仙大道,6794,玉龙路,679406,444,北-南,20
3,梅龙路,9,龙华区,玉龙路,6794,白龙路,679407,490,北-南,20
3,梅龙路,9,龙华区,白龙路,6794,民乐路,679408,563,北-南,20
3,梅龙路,9,龙华区,民乐路,6794,金龙路,679409,640,北-南,20
4,白龙路,9,龙华区,梅龙路,6803,新区大道,680301,665,南-北,15
4,白龙路,9,龙华区,新区大道,6803,玉龙路,680302,764,南-北,15
4,白龙路,9,龙华区,玉龙路,6804,新区大道,680401,787,北-南,15
4,白龙路,9,龙华区,新区大道,6804,梅龙路,680402,651,北-南,15
4,大浪南路,9,龙华区,龙观路,6813,华发路,681301,2112,南-北,15
4,大浪南路,9,龙华区,华发路,6813,机荷高速公路,681302,1399,南-北,15
4,大浪南路,9,龙华区,机荷高速公路,6814,华发路,681401,1399,北-南,15
4,大浪南路,9,龙华区,华发路,6814,龙观路,681402,2108,北-南,15
4,桂花路,9,龙华区,观光路,6823,桂月路,682301,2577,南-北,15
4,桂花路,9,龙华区,桂月路,6824,观光路,682401,2575,北-南,15
4,桂月路,9,龙华区,桂花路,6831,泗黎路,683101,2387,东-西,15
4,桂月路,9,龙华区,泗黎路,6831,福前路,683102,1716,东-西,15
4,桂月路,9,龙华区,福前路,6832,泗黎路,683201,1677,西-东,15
4,桂月路,9,龙华区,泗黎路,6832,桂花路,683202,2421,西-东,15
4,华昌路,9,龙华区,华达路,6843,华旺路,684301,858,南-北,15
4,华昌路,9,龙华区,华旺路,6843,华丰路,684302,844,南-北,15
4,华昌路,9,龙华区,华丰路,6844,华旺路,684401,846,北-南,15
4,华昌路,9,龙华区,华旺路,6844,华达路,684402,854,北-南,15
4,华达路,9,龙华区,华荣路,6853,华昌路,685301,413,南-北,15
4,华达路,9,龙华区,华昌路,6854,华荣路,685401,413,北-南,15
4,华发路,9,龙华区,大浪南路,6861,华昌路,686101,867,东-西,15
4,华发路,9,龙华区,华昌路,6861,华繁路,686102,896,东-西,15
4,华发路,9,龙华区,华繁路,6862,华昌路,686201,897,西-东,15
4,华发路,9,龙华区,华昌路,6862,大浪南路,686202,869,西-东,15
4,华荣路,9,龙华区,龙观路,6873,华达路,687301,1143,南-北,15
4,华荣路,9,龙华区,华达路,6873,华发路,687302,621,南-北,15
4,华荣路,9,龙华区,华发路,6873,华兴路,687303,915,南-北,15
4,华荣路,9,龙华区,华兴路,6873,机荷高速公路,687304,1303,南-北,15
4,华荣路,9,龙华区,机荷高速公路,6874,华兴路,687401,1291,北-南,15
4,华荣路,9,龙华区,华兴路,6874,华发路,687402,943,北-南,15
4,华荣路,9,龙华区,华发路,6874,华达路,687403,622,北-南,15
4,华荣路,9,龙华区,华达路,6874,龙观路,687404,1130,北-南,15
4,华盛路,9,龙华区,英泰路,6883,华丰路,688301,1157,南-北,15
4,华盛路,9,龙华区,华丰路,6884,英泰路,688401,1160,北-南,15
4,华旺路,9,龙华区,大浪南路,6891,华昌路,689101,782,东-西,15
4,华旺路,9,龙华区,华昌路,6891,华繁路,689102,810,东-西,15
4,华旺路,9,龙华区,华繁路,6891,布龙公路,689103,599,东-西,15
4,华旺路,9,龙华区,布龙公路,6892,华繁路,689201,593,西-东,15
4,华旺路,9,龙华区,华繁路,6892,华昌路,689202,803,西-东,15
4,华旺路,9,龙华区,华昌路,6892,大浪南路,689203,786,西-东,15
4,华兴路,9,龙华区,华盛路,6901,华荣路,690101,780,东-西,15
4,华兴路,9,龙华区,华荣路,6901,布龙公路,690102,1844,东-西,15
4,华兴路,9,龙华区,布龙公路,6902,华荣路,690201,1854,西-东,15
4,华兴路,9,龙华区,华荣路,6902,华盛路,690202,779,西-东,15
4,简上路,9,龙华区,布龙路,6911,新区大道,691101,853,东-西,15
4,简上路,9,龙华区,新区大道,6911,福龙路,691102,451,东-西,15
4,简上路,9,龙华区,福龙路,6912,新区大道,691201,453,西-东,15
4,简上路,9,龙华区,新区大道,6912,布龙路,691202,856,西-东,15
4,建设东路,9,龙华区,清泉路,6923,建设路(龙华),692301,389,南-北,15
4,建设东路,9,龙华区,建设路(龙华),6924,清泉路,692401,388,北-南,15
4,金龙路,9,龙华区,梅龙路,6933,新区大道,693301,630,南-北,15
4,金龙路,9,龙华区,新区大道,6933,白龙路,693302,1637,南-北,15
4,金龙路,9,龙华区,白龙路,6934,新区大道,693401,1638,北-南,15
4,金龙路,9,龙华区,新区大道,6934,梅龙路,693402,645,北-南,15
4,龙胜路,9,龙华区,梅龙路,6941,人民路(龙华),694101,415,东-西,15
4,龙胜路,9,龙华区,人民路(龙华),6941,中环路,694102,551,东-西,15
4,龙胜路,9,龙华区,中环路,6941,建设路(龙华),694103,575,东-西,15
4,龙胜路,9,龙华区,建设路(龙华),6941,和平路(龙华),694104,452,东-西,15
4,龙胜路,9,龙华区,和平路(龙华),6941,龙华路,694105,906,东-西,15
4,龙胜路,9,龙华区,龙华路,6942,和平路(龙华),694201,903,西-东,15
4,龙胜路,9,龙华区,和平路(龙华),6942,建设路(龙华),694202,452,西-东,15
4,龙胜路,9,龙华区,建设路(龙华),6942,中环路,694203,582,西-东,15
4,龙胜路,9,龙华区,中环路,6942,人民路(龙华),694204,558,西-东,15
4,龙胜路,9,龙华区,人民路(龙华),6942,梅龙路,694205,406,西-东,15
4,民宝路,9,龙华区,梅龙路,6951,新区大道,695101,1235,东-西,15
4,民宝路,9,龙华区,新区大道,6952,梅龙路,695201,1229,西-东,15
4,民丰路,9,龙华区,民康路,6963,民治大道,696301,479,南-北,15
4,民丰路,9,龙华区,民治大道,6963,梅龙路,696302,672,南-北,15
4,民丰路,9,龙华区,梅龙路,6964,民治大道,696401,664,北-南,15
4,民丰路,9,龙华区,民治大道,6964,民康路,696402,473,北-南,15
4,民康路,9,龙华区,民丰路,6973,华南路,697301,1082,南-北,15
4,民康路,9,龙华区,华南路,6974,民丰路,697401,1079,北-南,15
4,民清路,9,龙华区,工业路,6983,东环一路,698301,543,南-北,15
4,民清路,9,龙华区,东环一路,6983,工业路,698302,604,南-北,15
4,民清路,9,龙华区,工业路,6984,东环一路,698401,612,北-南,15
4,民清路,9,龙华区,东环一路,6984,工业路,698402,538,北-南,15
4,民旺路,9,龙华区,民治大道,7001,梅龙路,700101,718,东-西,15
4,民旺路,9,龙华区,梅龙路,7002,民治大道,700201,717,西-东,15
4,清湖路,9,龙华区,梅龙大道,7011,和平路(龙华),701101,492,东-西,15
4,清湖路,9,龙华区,和平路(龙华),7011,龙观东路,701102,592,东-西,15
4,清湖路,9,龙华区,龙观东路,7012,和平路(龙华),701201,595,西-东,15
4,清湖路,9,龙华区,和平路(龙华),7012,梅龙大道,701202,493,西-东,15
4,清丽路,9,龙华区,五和大道,7021,清宁路,702101,529,东-西,15
4,清丽路,9,龙华区,清宁路,7022,五和大道,702201,524,西-东,15
4,清宁路,9,龙华区,雪岗北路,7033,清新路,703301,1407,南-北,15
4,清宁路,9,龙华区,清新路,7034,雪岗北路,703401,1402,北-南,15
4,清泉路,9,龙华区,梅龙大道,7043,和平路(龙华),704301,1016,南-北,15
4,清泉路,9,龙华区,和平路(龙华),7043,龙观东路,704302,953,南-北,15
4,清泉路,9,龙华区,龙观东路,7044,和平路(龙华),704401,958,北-南,15
4,清泉路,9,龙华区,和平路(龙华),7044,梅龙大道,704402,1015,北-南,15
4,清祥路,9,龙华区,雪岗北路,7053,清新路,705301,1417,南-北,15
4,清祥路,9,龙华区,清新路,7054,雪岗北路,705401,1419,北-南,15
4,三联路,9,龙华区,清龙路,7061,东环二路,706101,746,东-西,15
4,三联路,9,龙华区,东环二路,7061,东环一路,706102,642,东-西,15
4,三联路,9,龙华区,东环一路,7061,人民路(龙华),706103,520,东-西,15
4,三联路,9,龙华区,人民路(龙华),7062,东环一路,706201,520,西-东,15
4,三联路,9,龙华区,东环一路,7062,东环二路,706202,642,西-东,15
4,三联路,9,龙华区,东环二路,7062,清龙路,706203,745,西-东,15
4,石新路,9,龙华区,观平路,7073,东湖路(观澜),707301,721,南-北,15
4,石新路,9,龙华区,东湖路(观澜),7074,观平路,707401,721,北-南,15
4,油松路,9,龙华区,布龙路,7083,工业路,708301,1086,南-北,15
4,油松路,9,龙华区,工业路,7083,东环一路,708302,505,南-北,15
4,油松路,9,龙华区,东环一路,7083,东环二路,708303,593,南-北,15
4,油松路,9,龙华区,东环二路,7084,东环一路,708401,602,北-南,15
4,油松路,9,龙华区,东环一路,7084,工业路,708402,505,北-南,15
4,油松路,9,龙华区,工业路,7084,布龙路,708403,1081,北-南,15
4,裕新路,9,龙华区,环观南路,7093,高尔夫大道,709301,4086,南-北,15
4,裕新路,9,龙华区,高尔夫大道,7094,环观南路,709401,4086,北-南,15
4,悦兴路,9,龙华区,泗黎路,7101,人民路(观澜),710101,1169,东-西,15
4,悦兴路,9,龙华区,人民路(观澜),7102,泗黎路,710201,1169,西-东,15
4,中环路,9,龙华区,布龙路,7123,工业路,712301,896,南-北,15
4,中环路,9,龙华区,工业路,7123,和平路(龙华),712302,901,南-北,15
4,中环路,9,龙华区,和平路(龙华),7123,公园路(龙华),712303,745,南-北,15
4,中环路,9,龙华区,公园路(龙华),7124,和平路(龙华),712401,745,北-南,15
4,中环路,9,龙华区,和平路(龙华),7124,工业路,712402,901,北-南,15
4,中环路,9,龙华区,工业路,7124,布龙路,712403,896,北-南,15
3,滨海二路,10,大鹏新区,银滩路,7131,葵南路,713101,1407,东-西,20
3,滨海二路,10,大鹏新区,葵南路,7131,坪西路,713102,454,东-西,20
3,滨海二路,10,大鹏新区,坪西路,7132,葵南路,713201,672,西-东,20
3,滨海二路,10,大鹏新区,葵南路,7132,银滩路,713202,1402,西-东,20
3,海滨北路,10,大鹏新区,海滨南路,7143,东沙路,714301,1315,南-北,20
3,海滨北路,10,大鹏新区,东沙路,7143,水头路,714302,933,南-北,20
3,海滨北路,10,大鹏新区,水头路,7144,东沙路,714401,1049,北-南,20
3,海滨北路,10,大鹏新区,东沙路,7144,海滨南路,714402,1197,北-南,20
3,海滨南路,10,大鹏新区,同富路,7153,海滨北路,715301,678,南-北,20
3,海滨南路,10,大鹏新区,海滨北路,7154,同富路,715401,702,北-南,20
3,葵鹏路,10,大鹏新区,迭福路,7163,观海湾大沙滩,716301,2511,南-北,20
3,葵鹏路,10,大鹏新区,观海湾大沙滩,7163,雷公山隧道,716302,1274,南-北,20
3,葵鹏路,10,大鹏新区,观海湾大沙滩,7163,雷公山隧道,716303,1625,南-北,20
3,葵鹏路,10,大鹏新区,雷公山隧道,7163,金业大道,716304,2600,南-北,20
3,葵鹏路,10,大鹏新区,金业大道,7164,雷公山隧道,716401,2600,北-南,20
3,葵鹏路,10,大鹏新区,雷公山隧道,7164,观海湾大沙滩,716402,1618,北-南,20
3,葵鹏路,10,大鹏新区,雷公山隧道,7164,观海湾大沙滩,716403,1274,北-南,20
3,葵鹏路,10,大鹏新区,观海湾大沙滩,7164,迭福路,716404,2511,北-南,20
3,南西公路,10,大鹏新区,西冲,7173,东涌路,717301,5046,南-北,20
3,南西公路,10,大鹏新区,东涌路,7173,同富路,717302,6495,南-北,20
3,南西公路,10,大鹏新区,同富路,7174,东涌路,717401,6495,北-南,20
3,南西公路,10,大鹏新区,东涌路,7174,西冲,717402,5046,北-南,20
3,坪西路,10,大鹏新区,水头路,7183,滨海二路,718301,1685,南-北,20
3,坪西路,10,大鹏新区,滨海二路,7183,振兴路,718302,1888,南-北,20
3,坪西路,10,大鹏新区,振兴路,7183,岭南路,718303,1067,南-北,20
3,坪西路,10,大鹏新区,岭南路,7183,鹏飞路,718304,1343,南-北,20
3,坪西路,10,大鹏新区,鹏飞路,7183,葵鹏路,718305,3499,南-北,20
3,坪西路,10,大鹏新区,葵鹏路,7183,盐坝高速,718306,1354,南-北,20
3,坪西路,10,大鹏新区,盐坝高速,7184,葵鹏路,718401,2093,北-南,20
3,坪西路,10,大鹏新区,葵鹏路,7184,鹏飞路,718402,2915,北-南,20
3,坪西路,10,大鹏新区,鹏飞路,7184,岭南路,718403,1228,北-南,20
3,坪西路,10,大鹏新区,岭南路,7184,振兴路,718404,795,北-南,20
3,坪西路,10,大鹏新区,振兴路,7184,滨海二路,718405,2346,北-南,20
3,坪西路,10,大鹏新区,滨海二路,7184,水头路,718406,1502,北-南,20
3,鹏飞路,10,大鹏新区,岭澳大道,7191,东山路,719101,1493,东-西,20
3,鹏飞路,10,大鹏新区,东山路,7191,银滩路,719102,1157,东-西,20
3,鹏飞路,10,大鹏新区,银滩路,7191,公园路,719103,2179,东-西,20
3,鹏飞路,10,大鹏新区,公园路,7191,人民路,719104,1666,东-西,20
3,鹏飞路,10,大鹏新区,人民路,7191,迎宾路,719105,1234,东-西,20
3,鹏飞路,10,大鹏新区,迎宾路,7192,人民路,719201,1213,西-东,20
3,鹏飞路,10,大鹏新区,人民路,7192,公园路,719202,1672,西-东,20
3,鹏飞路,10,大鹏新区,公园路,7192,银滩路,719203,2183,西-东,20
3,鹏飞路,10,大鹏新区,银滩路,7192,东山路,719204,1160,西-东,20
3,鹏飞路,10,大鹏新区,东山路,7192,岭澳大道,719205,1493,西-东,20
